seller_id|product_id|buyer_id|sale_date|quantity|price
2|1|1|2023-04-12|2|2000
4|1|1|2023-02-27|2|2000
1|1|1|2023-06-28|1|1000
2|1|1|2023-10-26|1|1000
5|1|1|2023-02-23|3|3000
1|1|2|2023-10-27|2|2000
3|1|2|2023-08-06|3|3000
4|1|2|2023-12-19|1|1000
3|1|2|2023-10-07|1|1000
5|1|2|2023-07-03|3|3000
2|1|3|2023-07-19|2|2000
5|1|3|2023-08-26|1|1000
4|1|4|2023-05-12|1|1000
3|1|4|2023-06-12|2|2000
4|1|4|2023-04-13|2|2000
4|1|5|2023-10-09|2|2000
1|1|6|2023-09-02|3|3000
2|1|6|2023-12-01|1|1000
4|1|7|2023-01-05|1|1000
1|1|8|2023-10-21|3|3000
3|1|8|2023-12-13|1|1000
2|1|8|2023-06-17|1|1000
4|1|8|2023-02-08|2|2000
1|1|9|2023-07-27|1|1000
4|1|9|2023-08-03|2|2000
4|1|9|2023-10-25|1|1000
1|1|10|2023-12-17|1|1000
4|1|10|2023-01-09|1|1000
3|1|10|2023-02-24|2|2000
4|1|10|2023-03-01|3|3000
4|1|11|2023-03-17|2|2000
5|1|11|2023-04-15|1|1000
3|1|11|2023-06-06|2|2000
5|1|12|2023-05-22|1|1000
5|1|12|2023-01-18|3|3000
2|1|12|2023-05-12|1|1000
5|1|12|2023-07-28|3|3000
1|1|12|2023-10-30|3|3000
5|1|13|2023-12-24|1|1000
5|1|13|2023-09-22|1|1000
1|1|14|2023-10-15|3|3000
2|1|14|2023-07-14|1|1000
5|1|14|2023-07-26|3|3000
4|1|14|2023-01-24|3|3000
1|1|14|2023-08-19|3|3000
2|1|15|2023-09-14|3|3000
3|1|15|2023-04-03|1|1000
1|1|15|2023-10-28|3|3000
2|1|15|2023-06-04|3|3000
3|1|16|2023-06-28|2|2000
2|1|16|2023-05-25|3|3000
2|1|16|2023-01-13|1|1000
4|1|16|2023-03-03|3|3000
2|1|17|2023-02-05|1|1000
3|1|18|2023-02-16|2|2000
2|1|18|2023-06-11|3|3000
4|1|18|2023-09-10|1|1000
1|1|19|2023-11-12|3|3000
5|1|19|2023-02-01|3|3000
2|1|19|2023-03-14|1|1000
2|1|20|2023-09-26|3|3000
2|1|21|2023-03-04|2|2000
1|1|21|2023-12-27|3|3000
2|1|21|2023-04-11|1|1000
3|1|22|2023-06-05|3|3000
2|1|22|2023-04-10|1|1000
3|1|22|2023-10-18|3|3000
1|1|23|2023-10-25|1|1000
2|1|23|2023-03-01|3|3000
4|1|23|2023-10-23|3|3000
1|1|23|2023-04-11|2|2000
3|1|23|2023-08-24|2|2000
3|1|24|2023-12-10|2|2000
2|1|24|2023-04-29|2|2000
2|1|24|2023-10-24|2|2000
4|1|24|2023-05-30|3|3000
3|1|25|2023-05-22|3|3000
4|1|25|2023-04-23|1|1000
5|1|25|2023-02-02|2|2000
5|1|25|2023-11-27|3|3000
2|1|26|2023-05-07|2|2000
1|1|26|2023-10-22|1|1000
5|1|26|2023-09-19|3|3000
5|1|27|2023-06-28|1|1000
1|1|27|2023-04-10|2|2000
5|1|27|2023-12-11|3|3000
5|1|27|2023-10-25|3|3000
5|1|28|2023-08-11|3|3000
3|1|28|2023-11-25|3|3000
5|1|29|2023-07-23|2|2000
4|1|29|2023-12-06|2|2000
5|1|29|2023-12-11|2|2000
4|1|30|2023-08-13|2|2000
3|1|30|2023-05-30|2|2000
2|1|30|2023-04-16|2|2000
1|1|30|2023-02-26|1|1000
3|1|31|2023-11-11|3|3000
2|1|31|2023-01-27|3|3000
1|1|31|2023-04-16|3|3000
3|1|32|2023-02-17|1|1000
2|1|32|2023-02-21|1|1000
3|1|32|2023-03-01|3|3000
5|1|32|2023-03-09|3|3000
5|1|33|2023-03-22|2|2000
3|1|33|2023-07-18|3|3000
2|1|33|2023-08-03|3|3000
5|1|33|2023-03-31|3|3000
2|1|33|2023-03-09|1|1000
1|1|34|2023-03-28|1|1000
4|1|34|2023-11-14|3|3000
3|1|34|2023-12-20|3|3000
5|1|34|2023-07-20|2|2000
3|1|34|2023-08-26|2|2000
2|1|35|2023-06-18|3|3000
3|1|35|2023-04-20|3|3000
1|1|36|2023-01-05|1|1000
1|1|36|2023-02-24|1|1000
2|1|36|2023-04-21|3|3000
3|1|37|2023-01-21|2|2000
2|1|38|2023-08-29|1|1000
3|1|38|2023-09-03|2|2000
5|1|38|2023-03-17|3|3000
5|1|38|2023-11-28|1|1000
3|1|38|2023-12-03|3|3000
4|1|39|2023-06-05|1|1000
3|1|39|2023-08-27|2|2000
1|1|39|2023-01-22|1|1000
4|1|39|2023-03-17|1|1000
4|1|39|2023-10-22|3|3000
1|1|40|2023-03-11|3|3000
2|1|41|2023-03-07|1|1000
4|1|41|2023-06-04|3|3000
1|1|41|2023-03-13|1|1000
2|1|42|2023-05-06|1|1000
5|1|42|2023-03-30|3|3000
1|1|42|2023-03-03|1|1000
4|1|42|2023-02-09|2|2000
2|1|43|2023-07-14|2|2000
4|1|43|2023-12-26|2|2000
2|1|44|2023-11-05|1|1000
5|1|44|2023-06-21|1|1000
1|1|44|2023-08-04|3|3000
2|1|44|2023-01-16|3|3000
2|1|44|2023-03-06|2|2000
2|1|45|2023-08-31|1|1000
3|1|45|2023-07-03|2|2000
5|1|46|2023-12-12|1|1000
5|1|46|2023-05-25|3|3000
5|1|46|2023-04-19|3|3000
3|1|47|2023-11-12|2|2000
1|1|47|2023-09-01|2|2000
2|1|48|2023-11-01|3|3000
2|1|48|2023-01-16|2|2000
4|1|49|2023-03-23|1|1000
1|1|50|2023-02-05|3|3000
5|1|50|2023-04-28|2|2000
2|1|50|2023-11-25|1|1000
5|1|50|2023-08-07|1|1000
5|1|51|2023-11-28|1|1000
4|1|51|2023-02-18|1|1000
3|1|51|2023-06-18|3|3000
2|1|51|2023-03-06|1|1000
2|1|52|2023-11-12|2|2000
4|1|52|2023-09-03|1|1000
4|1|52|2023-02-07|2|2000
3|1|52|2023-08-16|3|3000
5|1|53|2023-10-27|2|2000
2|1|53|2023-01-22|2|2000
3|1|53|2023-05-04|2|2000
2|1|53|2023-06-25|1|1000
4|1|53|2023-03-05|1|1000
5|1|54|2023-02-22|1|1000
5|1|55|2023-10-31|3|3000
3|1|55|2023-06-07|1|1000
5|1|55|2023-04-15|3|3000
1|1|56|2023-05-26|3|3000
1|1|56|2023-09-21|1|1000
2|1|56|2023-01-30|1|1000
5|1|56|2023-04-15|1|1000
2|1|56|2023-05-17|1|1000
2|1|57|2023-11-24|3|3000
3|1|57|2023-03-27|2|2000
2|1|57|2023-05-02|3|3000
4|1|58|2023-05-18|2|2000
1|1|58|2023-10-27|1|1000
3|1|58|2023-11-22|1|1000
3|1|59|2023-09-27|1|1000
3|1|59|2023-06-12|3|3000
2|1|60|2023-02-06|1|1000
4|1|61|2023-09-18|3|3000
4|1|61|2023-04-28|2|2000
2|1|61|2023-12-24|1|1000
1|1|62|2023-08-15|1|1000
3|1|62|2023-07-29|2|2000
2|1|62|2023-01-02|2|2000
5|1|62|2023-12-07|3|3000
3|1|63|2023-04-28|1|1000
1|1|64|2023-04-22|3|3000
4|1|65|2023-08-05|2|2000
3|1|66|2023-03-22|2|2000
3|1|66|2023-11-21|3|3000
5|1|66|2023-08-07|3|3000
2|1|66|2023-03-18|3|3000
4|1|67|2023-05-31|2|2000
1|1|67|2023-12-22|3|3000
4|1|68|2023-01-07|2|2000
4|1|68|2023-03-26|3|3000
1|1|68|2023-08-06|3|3000
4|1|69|2023-11-24|2|2000
1|1|69|2023-04-21|2|2000
1|1|69|2023-03-11|2|2000
2|1|70|2023-11-12|1|1000
3|1|70|2023-11-12|1|1000
1|1|71|2023-05-09|1|1000
5|1|71|2023-11-25|2|2000
2|1|71|2023-03-25|3|3000
4|1|71|2023-06-21|3|3000
3|1|72|2023-10-31|3|3000
1|1|72|2023-05-07|3|3000
3|1|72|2023-10-26|1|1000
3|1|72|2023-10-07|2|2000
1|1|73|2023-10-25|2|2000
4|1|74|2023-05-08|2|2000
5|1|75|2023-01-06|3|3000
2|1|76|2023-04-03|2|2000
1|1|76|2023-08-01|1|1000
5|1|77|2023-05-06|2|2000
2|1|77|2023-07-03|2|2000
4|1|77|2023-12-20|3|3000
3|1|77|2023-07-26|2|2000
3|1|78|2023-02-06|1|1000
4|1|78|2023-12-27|1|1000
4|1|78|2023-01-09|1|1000
4|1|78|2023-08-28|2|2000
3|1|79|2023-09-07|3|3000
3|1|80|2023-12-30|3|3000
2|1|81|2023-01-20|2|2000
4|1|81|2023-07-21|3|3000
3|1|81|2023-09-09|1|1000
1|1|81|2023-08-08|2|2000
4|1|81|2023-05-09|2|2000
2|1|82|2023-12-13|2|2000
3|1|83|2023-04-28|3|3000
1|1|84|2023-12-31|3|3000
4|1|84|2023-06-17|3|3000
5|1|84|2023-07-17|2|2000
4|1|84|2023-06-18|1|1000
3|1|84|2023-06-14|3|3000
4|1|85|2023-11-10|1|1000
1|1|85|2023-08-21|2|2000
2|1|85|2023-05-19|1|1000
3|1|85|2023-01-04|2|2000
3|1|86|2023-07-13|2|2000
1|1|86|2023-08-13|3|3000
4|1|86|2023-01-03|2|2000
3|1|86|2023-12-12|1|1000
5|1|87|2023-02-13|1|1000
2|1|87|2023-10-15|1|1000
2|1|87|2023-01-27|1|1000
4|1|88|2023-04-12|3|3000
4|1|88|2023-12-06|1|1000
1|1|88|2023-05-31|2|2000
2|1|88|2023-06-05|3|3000
1|1|88|2023-08-02|2|2000
1|1|89|2023-09-23|1|1000
1|1|90|2023-12-09|1|1000
5|1|90|2023-01-25|1|1000
2|1|91|2023-06-26|1|1000
2|1|91|2023-12-11|3|3000
1|1|91|2023-09-15|3|3000
2|1|91|2023-01-12|2|2000
3|1|92|2023-01-13|3|3000
2|1|92|2023-11-02|3|3000
3|1|92|2023-07-09|3|3000
2|1|93|2023-01-01|3|3000
3|1|94|2023-03-20|1|1000
4|1|94|2023-11-15|2|2000
4|1|94|2023-03-09|3|3000
5|1|95|2023-07-04|3|3000
4|1|96|2023-02-08|3|3000
2|1|96|2023-12-14|3|3000
1|1|96|2023-10-04|3|3000
3|1|97|2023-09-13|2|2000
5|1|97|2023-09-30|3|3000
3|1|98|2023-10-01|1|1000
2|1|98|2023-09-23|3|3000
4|1|99|2023-04-16|1|1000
2|1|99|2023-10-29|3|3000
5|1|100|2023-12-22|1|1000
2|1|100|2023-08-08|3|3000
4|1|100|2023-01-12|1|1000
1|1|101|2023-03-03|1|1000
3|1|101|2023-01-09|2|2000
4|1|102|2023-07-13|3|3000
3|1|102|2023-03-08|3|3000
1|1|102|2023-05-05|2|2000
4|1|102|2023-09-23|1|1000
4|1|102|2023-11-07|3|3000
4|1|103|2023-06-27|1|1000
1|1|103|2023-11-12|2|2000
2|1|103|2023-12-29|2|2000
2|1|104|2023-01-22|3|3000
4|1|105|2023-09-21|3|3000
5|1|105|2023-07-30|3|3000
5|1|105|2023-11-01|2|2000
1|1|105|2023-01-13|2|2000
2|1|106|2023-09-28|1|1000
2|1|107|2023-02-07|3|3000
5|1|107|2023-10-01|1|1000
3|1|107|2023-08-04|3|3000
2|1|107|2023-09-23|3|3000
3|1|108|2023-07-02|1|1000
1|1|108|2023-06-08|3|3000
3|1|108|2023-01-08|2|2000
1|1|108|2023-04-24|1|1000
1|1|109|2023-04-26|1|1000
2|1|110|2023-07-16|2|2000
3|1|110|2023-09-16|1|1000
5|1|110|2023-02-01|3|3000
4|1|110|2023-11-02|2|2000
5|1|110|2023-02-07|1|1000
1|1|111|2023-07-04|1|1000
2|1|112|2023-11-18|1|1000
3|1|112|2023-09-10|3|3000
1|1|113|2023-08-14|1|1000
4|1|113|2023-04-22|3|3000
5|1|113|2023-09-02|2|2000
1|1|113|2023-02-13|1|1000
1|1|114|2023-10-25|3|3000
5|1|114|2023-07-29|3|3000
3|1|114|2023-02-21|3|3000
3|1|114|2023-11-25|3|3000
2|1|114|2023-04-18|2|2000
2|1|115|2023-09-30|3|3000
5|1|115|2023-10-10|3|3000
4|1|116|2023-01-28|3|3000
2|1|116|2023-04-16|3|3000
4|1|116|2023-01-04|3|3000
3|1|116|2023-12-29|1|1000
3|1|116|2023-02-10|2|2000
2|1|117|2023-02-21|3|3000
5|1|118|2023-05-20|2|2000
1|1|118|2023-09-21|2|2000
4|1|118|2023-09-22|3|3000
3|1|119|2023-04-26|2|2000
1|1|119|2023-12-05|3|3000
4|1|119|2023-02-01|2|2000
4|1|120|2023-07-26|2|2000
4|1|120|2023-01-14|3|3000
3|1|121|2023-02-15|3|3000
5|1|121|2023-06-24|1|1000
3|1|121|2023-11-22|3|3000
1|1|121|2023-06-24|1|1000
5|1|121|2023-12-04|1|1000
4|1|122|2023-04-16|2|2000
5|1|123|2023-05-06|2|2000
5|1|123|2023-07-11|1|1000
3|1|123|2023-03-07|1|1000
2|1|123|2023-07-29|3|3000
5|1|124|2023-03-18|3|3000
5|1|124|2023-12-11|1|1000
3|1|124|2023-02-11|2|2000
2|1|124|2023-02-15|3|3000
5|1|125|2023-01-07|3|3000
3|1|126|2023-12-30|3|3000
3|1|126|2023-06-25|3|3000
3|1|127|2023-11-01|2|2000
5|1|127|2023-11-06|3|3000
4|1|127|2023-10-03|1|1000
2|1|128|2023-02-04|1|1000
5|1|128|2023-09-10|2|2000
5|1|128|2023-09-20|1|1000
4|1|128|2023-08-14|1|1000
1|1|128|2023-08-02|1|1000
4|1|129|2023-01-05|3|3000
5|1|130|2023-04-20|3|3000
3|1|130|2023-03-20|1|1000
2|1|130|2023-09-05|1|1000
1|1|130|2023-06-01|1|1000
3|1|131|2023-09-12|1|1000
4|1|131|2023-11-13|3|3000
5|1|131|2023-09-04|2|2000
3|1|132|2023-01-26|3|3000
2|1|132|2023-07-22|2|2000
2|1|132|2023-08-18|3|3000
1|1|132|2023-02-03|2|2000
4|1|133|2023-12-03|2|2000
3|1|133|2023-08-22|3|3000
3|1|133|2023-05-21|3|3000
4|1|134|2023-07-06|1|1000
1|1|134|2023-12-26|1|1000
2|1|135|2023-02-20|3|3000
4|1|136|2023-06-03|2|2000
4|1|136|2023-03-26|2|2000
3|1|136|2023-10-15|1|1000
4|1|137|2023-03-14|3|3000
1|1|137|2023-05-16|2|2000
4|1|137|2023-07-20|3|3000
1|1|138|2023-04-16|1|1000
3|1|138|2023-01-22|2|2000
4|1|138|2023-07-31|2|2000
1|1|138|2023-02-24|3|3000
1|1|138|2023-04-06|1|1000
3|1|139|2023-09-06|2|2000
4|1|139|2023-03-02|3|3000
1|1|139|2023-09-14|2|2000
1|1|139|2023-12-27|1|1000
5|1|140|2023-10-04|1|1000
5|1|140|2023-07-26|3|3000
1|1|140|2023-03-01|3|3000
5|1|141|2023-01-15|3|3000
3|1|141|2023-02-15|3|3000
5|1|141|2023-10-12|1|1000
4|1|141|2023-05-26|3|3000
2|1|142|2023-09-12|1|1000
2|1|142|2023-10-05|1|1000
2|1|142|2023-12-10|2|2000
1|1|143|2023-06-06|2|2000
3|1|144|2023-02-16|3|3000
5|1|144|2023-12-25|3|3000
2|1|144|2023-03-24|1|1000
4|1|144|2023-01-15|2|2000
2|1|144|2023-12-09|1|1000
2|1|145|2023-01-14|1|1000
5|1|146|2023-08-05|2|2000
3|1|146|2023-06-19|2|2000
2|1|146|2023-01-22|1|1000
4|1|146|2023-05-19|1|1000
5|1|146|2023-09-01|2|2000
1|1|147|2023-06-15|3|3000
2|1|147|2023-12-13|2|2000
2|1|148|2023-10-30|2|2000
3|1|149|2023-11-21|3|3000
1|1|149|2023-02-08|1|1000
4|1|149|2023-04-02|3|3000
1|1|149|2023-02-12|3|3000
5|1|149|2023-03-07|2|2000
3|1|150|2023-02-20|3|3000
3|1|150|2023-04-13|1|1000
2|1|150|2023-04-15|2|2000
1|1|151|2023-08-03|3|3000
5|1|151|2023-04-27|2|2000
1|1|151|2023-02-21|3|3000
2|1|151|2023-01-21|3|3000
1|1|151|2023-11-07|2|2000
2|1|152|2023-06-18|1|1000
3|1|152|2023-10-28|2|2000
5|1|152|2023-11-02|2|2000
3|1|153|2023-08-21|1|1000
1|1|154|2023-05-15|1|1000
4|1|154|2023-06-28|3|3000
4|1|154|2023-01-13|2|2000
1|1|154|2023-04-25|3|3000
5|1|154|2023-03-15|2|2000
3|1|155|2023-05-25|3|3000
2|1|155|2023-02-12|2|2000
2|1|155|2023-09-24|2|2000
3|1|156|2023-07-31|1|1000
2|1|156|2023-12-31|2|2000
4|1|157|2023-03-09|1|1000
2|1|157|2023-06-30|3|3000
3|1|157|2023-07-28|3|3000
1|1|158|2023-08-31|2|2000
3|1|158|2023-10-19|2|2000
2|1|158|2023-10-31|2|2000
5|1|158|2023-04-06|3|3000
5|1|159|2023-10-05|3|3000
2|1|160|2023-06-16|1|1000
4|1|161|2023-06-26|3|3000
1|1|161|2023-05-23|2|2000
4|1|161|2023-10-11|2|2000
5|1|161|2023-08-19|1|1000
1|1|161|2023-08-07|3|3000
3|1|162|2023-07-08|1|1000
5|1|162|2023-12-02|3|3000
1|1|162|2023-03-06|1|1000
2|1|162|2023-05-30|1|1000
5|1|162|2023-02-12|2|2000
3|1|163|2023-05-14|1|1000
5|1|163|2023-05-28|3|3000
2|1|163|2023-05-29|2|2000
4|1|164|2023-04-11|2|2000
1|1|164|2023-04-22|2|2000
5|1|164|2023-01-17|3|3000
5|1|165|2023-10-02|3|3000
2|1|165|2023-04-25|3|3000
3|1|165|2023-03-04|1|1000
3|1|165|2023-10-24|1|1000
2|1|165|2023-01-16|2|2000
5|1|166|2023-01-24|1|1000
2|1|167|2023-05-27|2|2000
2|1|167|2023-07-24|1|1000
2|1|168|2023-05-20|2|2000
5|1|168|2023-04-05|2|2000
4|1|168|2023-12-14|3|3000
4|1|169|2023-03-20|1|1000
2|1|169|2023-07-06|1|1000
5|1|169|2023-02-03|3|3000
3|1|170|2023-05-04|3|3000
5|1|170|2023-05-01|2|2000
2|1|170|2023-06-26|2|2000
4|1|170|2023-04-27|2|2000
5|1|171|2023-04-09|3|3000
2|1|172|2023-07-08|3|3000
3|1|172|2023-12-29|2|2000
2|1|172|2023-06-26|1|1000
5|1|172|2023-03-27|3|3000
4|1|172|2023-08-25|2|2000
3|1|173|2023-07-26|2|2000
4|1|173|2023-07-04|1|1000
1|1|173|2023-12-19|3|3000
1|1|173|2023-06-04|1|1000
1|1|174|2023-10-08|2|2000
4|1|174|2023-09-12|2|2000
1|1|175|2023-03-19|3|3000
4|1|175|2023-04-28|2|2000
5|1|175|2023-05-04|2|2000
1|1|175|2023-07-27|2|2000
2|1|175|2023-07-16|2|2000
2|1|176|2023-10-01|2|2000
3|1|176|2023-11-14|1|1000
4|1|176|2023-07-12|3|3000
1|1|176|2023-10-27|3|3000
4|1|176|2023-12-17|3|3000
1|1|177|2023-06-17|2|2000
5|1|177|2023-06-17|3|3000
3|1|178|2023-11-26|3|3000
4|1|178|2023-04-16|1|1000
3|1|178|2023-03-21|3|3000
4|1|178|2023-12-08|2|2000
3|1|178|2023-01-05|2|2000
2|1|179|2023-09-07|2|2000
3|1|179|2023-09-16|1|1000
1|1|179|2023-02-02|3|3000
4|1|179|2023-04-16|1|1000
4|1|180|2023-01-15|2|2000
2|1|180|2023-03-16|3|3000
1|1|180|2023-11-12|2|2000
3|1|180|2023-08-19|3|3000
2|1|181|2023-01-28|2|2000
5|1|181|2023-08-16|2|2000
1|1|181|2023-03-13|3|3000
3|1|181|2023-03-27|3|3000
4|1|181|2023-06-16|3|3000
3|1|182|2023-05-11|3|3000
1|1|183|2023-05-10|2|2000
4|1|183|2023-02-27|1|1000
1|1|184|2023-11-16|3|3000
1|1|184|2023-10-16|3|3000
2|1|184|2023-11-03|1|1000
1|1|184|2023-08-15|3|3000
3|1|185|2023-09-03|3|3000
4|1|185|2023-05-30|1|1000
5|1|186|2023-10-20|1|1000
1|1|186|2023-09-09|1|1000
4|1|187|2023-11-03|1|1000
4|1|188|2023-06-29|3|3000
2|1|188|2023-11-04|3|3000
2|1|189|2023-02-23|1|1000
3|1|190|2023-05-27|1|1000
2|1|190|2023-04-03|3|3000
4|1|190|2023-07-26|3|3000
4|1|190|2023-12-10|3|3000
5|1|191|2023-04-27|2|2000
2|1|191|2023-08-01|1|1000
5|1|191|2023-01-29|3|3000
4|1|191|2023-06-03|3|3000
3|1|192|2023-12-02|3|3000
2|1|192|2023-12-25|2|2000
5|1|193|2023-01-29|1|1000
5|1|194|2023-07-06|3|3000
5|1|194|2023-04-24|2|2000
4|1|194|2023-04-29|2|2000
2|1|194|2023-08-03|2|2000
2|1|194|2023-10-24|2|2000
4|1|195|2023-10-13|1|1000
3|1|195|2023-10-18|1|1000
3|1|195|2023-02-25|2|2000
2|1|196|2023-09-22|2|2000
1|1|196|2023-05-17|3|3000
5|1|196|2023-09-30|1|1000
1|1|196|2023-07-10|1|1000
4|1|197|2023-07-11|1|1000
4|1|197|2023-07-29|2|2000
1|1|197|2023-03-08|1|1000
1|1|197|2023-12-28|2|2000
3|1|197|2023-04-24|2|2000
5|1|198|2023-03-04|3|3000
1|1|198|2023-06-22|2|2000
1|1|198|2023-05-29|1|1000
4|1|199|2023-06-27|2|2000
1|1|199|2023-11-29|1|1000
3|1|199|2023-12-27|3|3000
4|1|199|2023-02-08|3|3000
2|1|200|2023-11-26|1|1000
1|1|200|2023-06-26|2|2000
1|1|200|2023-01-18|1|1000
1|1|200|2023-06-26|3|3000
5|1|201|2023-06-28|2|2000
5|1|201|2023-02-03|2|2000
4|1|202|2023-08-09|1|1000
3|1|202|2023-09-02|1|1000
5|1|202|2023-04-22|1|1000
1|1|203|2023-02-19|1|1000
5|1|204|2023-12-21|1|1000
3|1|204|2023-03-12|2|2000
1|1|205|2023-03-28|3|3000
1|1|205|2023-12-30|2|2000
1|1|205|2023-09-19|1|1000
5|1|206|2023-08-28|3|3000
5|1|206|2023-12-24|3|3000
3|1|206|2023-10-13|2|2000
1|1|207|2023-05-28|2|2000
1|1|207|2023-08-17|2|2000
1|1|208|2023-10-28|2|2000
1|1|208|2023-10-05|1|1000
5|1|208|2023-02-24|3|3000
5|1|208|2023-11-19|3|3000
5|1|208|2023-12-08|3|3000
2|1|209|2023-12-30|2|2000
3|1|209|2023-01-02|2|2000
1|1|209|2023-03-01|3|3000
3|1|209|2023-08-27|2|2000
5|1|210|2023-11-05|1|1000
4|1|210|2023-01-25|1|1000
5|1|211|2023-09-26|1|1000
2|1|212|2023-01-12|2|2000
1|1|213|2023-09-29|3|3000
4|1|213|2023-08-03|2|2000
1|1|213|2023-07-19|1|1000
2|1|214|2023-07-13|2|2000
4|1|214|2023-01-03|3|3000
3|1|214|2023-03-15|3|3000
1|1|214|2023-12-10|3|3000
3|1|214|2023-07-11|1|1000
1|1|215|2023-11-27|2|2000
1|1|215|2023-12-02|3|3000
1|1|215|2023-05-27|3|3000
5|1|216|2023-07-27|2|2000
5|1|216|2023-05-19|2|2000
2|1|217|2023-10-25|3|3000
3|1|217|2023-09-28|2|2000
3|1|217|2023-10-09|3|3000
3|1|217|2023-11-16|3|3000
2|1|217|2023-07-18|2|2000
5|1|218|2023-06-14|2|2000
3|1|218|2023-05-06|3|3000
1|1|218|2023-12-01|1|1000
4|1|218|2023-05-22|1|1000
2|1|218|2023-05-30|3|3000
1|1|219|2023-11-04|1|1000
2|1|219|2023-08-08|1|1000
2|1|220|2023-07-24|2|2000
5|1|221|2023-05-22|2|2000
5|1|221|2023-08-12|1|1000
1|1|221|2023-08-20|3|3000
3|1|221|2023-10-14|1|1000
3|1|222|2023-12-07|2|2000
5|1|222|2023-11-16|2|2000
1|1|222|2023-05-26|1|1000
1|1|223|2023-07-11|3|3000
2|1|223|2023-03-14|1|1000
4|1|223|2023-07-19|2|2000
3|1|223|2023-09-16|2|2000
3|1|224|2023-03-21|3|3000
2|1|225|2023-07-17|3|3000
2|1|225|2023-10-01|3|3000
2|1|225|2023-09-04|2|2000
3|1|225|2023-05-22|3|3000
5|1|225|2023-08-30|3|3000
1|1|226|2023-03-02|3|3000
3|1|226|2023-04-11|3|3000
4|1|226|2023-01-06|3|3000
5|1|226|2023-08-25|2|2000
2|1|226|2023-02-02|1|1000
5|1|227|2023-04-04|2|2000
1|1|227|2023-10-07|1|1000
2|1|227|2023-10-13|1|1000
4|1|227|2023-06-11|2|2000
3|1|227|2023-11-19|3|3000
1|1|228|2023-03-21|3|3000
3|1|228|2023-03-20|3|3000
2|1|228|2023-04-17|1|1000
4|1|228|2023-08-13|2|2000
4|1|228|2023-03-07|2|2000
1|1|229|2023-10-05|3|3000
2|1|229|2023-06-20|2|2000
4|1|229|2023-06-29|1|1000
3|1|230|2023-12-24|2|2000
4|1|230|2023-04-15|2|2000
1|1|230|2023-09-30|3|3000
5|1|230|2023-10-31|3|3000
3|1|230|2023-05-26|1|1000
4|1|231|2023-07-21|3|3000
2|1|231|2023-12-21|3|3000
5|1|231|2023-12-29|2|2000
1|1|232|2023-04-14|1|1000
2|1|232|2023-01-28|2|2000
2|1|232|2023-12-14|3|3000
4|1|232|2023-08-29|1|1000
1|1|233|2023-07-22|3|3000
5|1|233|2023-11-12|2|2000
1|1|233|2023-01-01|3|3000
1|1|234|2023-02-18|3|3000
2|1|234|2023-07-18|1|1000
2|1|234|2023-08-18|2|2000
2|1|235|2023-07-07|1|1000
3|1|236|2023-12-11|2|2000
4|1|237|2023-09-26|1|1000
5|1|237|2023-08-05|1|1000
5|1|237|2023-07-10|3|3000
1|1|237|2023-03-05|1|1000
3|1|238|2023-01-24|1|1000
1|1|238|2023-06-19|2|2000
2|1|238|2023-02-04|1|1000
2|1|239|2023-01-04|2|2000
1|1|240|2023-12-24|1|1000
4|1|240|2023-07-24|3|3000
4|1|240|2023-06-08|2|2000
3|1|240|2023-09-02|3|3000
5|1|240|2023-07-19|2|2000
3|1|241|2023-02-23|2|2000
1|1|241|2023-03-08|3|3000
3|1|242|2023-10-17|3|3000
3|1|243|2023-06-01|2|2000
2|1|243|2023-06-17|1|1000
2|1|243|2023-07-02|2|2000
2|1|243|2023-11-01|1|1000
2|1|243|2023-03-04|2|2000
3|1|244|2023-11-15|2|2000
1|1|244|2023-10-09|1|1000
5|1|244|2023-04-18|2|2000
1|1|245|2023-01-24|1|1000
4|1|245|2023-12-24|1|1000
5|1|246|2023-02-21|1|1000
5|1|247|2023-08-18|3|3000
3|1|247|2023-11-05|3|3000
4|1|247|2023-12-16|1|1000
1|1|248|2023-10-06|1|1000
2|1|248|2023-12-22|2|2000
3|1|249|2023-02-06|3|3000
2|1|249|2023-08-12|3|3000
3|1|250|2023-04-24|1|1000
5|1|250|2023-08-11|3|3000
4|1|250|2023-12-15|3|3000
3|1|250|2023-08-02|3|3000
3|1|251|2023-07-08|3|3000
2|1|251|2023-03-15|1|1000
5|1|252|2023-11-16|2|2000
5|1|253|2023-05-13|3|3000
2|1|254|2023-05-14|3|3000
2|1|254|2023-03-02|2|2000
5|1|254|2023-12-12|2|2000
4|1|254|2023-03-03|2|2000
5|1|255|2023-10-13|3|3000
3|1|255|2023-09-18|3|3000
3|1|255|2023-04-01|2|2000
5|1|256|2023-09-23|2|2000
2|1|256|2023-12-29|2|2000
5|1|257|2023-05-27|1|1000
5|1|258|2023-11-11|2|2000
3|1|258|2023-03-24|2|2000
3|1|258|2023-06-01|1|1000
5|1|259|2023-06-25|1|1000
3|1|259|2023-06-19|3|3000
3|1|259|2023-09-09|1|1000
1|1|260|2023-09-21|1|1000
1|1|260|2023-02-10|1|1000
1|1|261|2023-06-08|3|3000
1|1|261|2023-02-15|2|2000
1|1|262|2023-08-22|2|2000
3|1|262|2023-10-19|3|3000
5|1|262|2023-11-05|1|1000
1|1|262|2023-10-28|3|3000
1|1|263|2023-12-27|2|2000
5|1|263|2023-10-10|3|3000
3|1|263|2023-07-13|3|3000
5|1|263|2023-06-26|2|2000
1|1|263|2023-04-08|1|1000
3|1|264|2023-08-09|2|2000
3|1|265|2023-08-09|1|1000
5|1|265|2023-05-15|1|1000
5|1|265|2023-02-22|1|1000
3|1|265|2023-07-19|3|3000
1|1|265|2023-10-17|3|3000
3|1|266|2023-09-25|3|3000
5|1|266|2023-12-03|2|2000
4|1|266|2023-08-22|2|2000
4|1|267|2023-12-18|3|3000
1|1|268|2023-04-25|2|2000
5|1|268|2023-12-18|2|2000
3|1|268|2023-12-13|2|2000
2|1|268|2023-03-15|3|3000
2|1|268|2023-04-26|3|3000
3|1|269|2023-06-28|1|1000
5|1|269|2023-02-12|1|1000
4|1|269|2023-02-10|1|1000
2|1|270|2023-12-18|2|2000
1|1|270|2023-03-13|1|1000
4|1|270|2023-11-07|1|1000
2|1|270|2023-01-11|1|1000
4|1|270|2023-11-20|2|2000
4|1|271|2023-06-13|2|2000
1|1|271|2023-09-12|2|2000
1|1|271|2023-02-25|2|2000
5|1|272|2023-01-12|3|3000
3|1|272|2023-02-14|3|3000
5|1|273|2023-04-23|1|1000
2|1|274|2023-03-01|2|2000
3|1|274|2023-04-19|3|3000
4|1|274|2023-05-18|2|2000
4|1|274|2023-10-12|3|3000
1|1|274|2023-08-10|1|1000
1|1|275|2023-09-29|2|2000
2|1|275|2023-12-29|1|1000
1|1|275|2023-07-24|3|3000
2|1|276|2023-09-22|3|3000
2|1|276|2023-01-19|1|1000
3|1|277|2023-07-18|1|1000
3|1|278|2023-04-14|3|3000
5|1|278|2023-04-07|2|2000
3|1|279|2023-11-04|3|3000
4|1|279|2023-12-11|3|3000
1|1|279|2023-02-09|3|3000
4|1|279|2023-06-29|3|3000
5|1|279|2023-08-28|2|2000
2|1|280|2023-07-07|3|3000
3|1|280|2023-09-15|2|2000
3|1|281|2023-11-08|2|2000
3|1|281|2023-08-24|1|1000
1|1|281|2023-11-15|1|1000
5|1|282|2023-05-29|1|1000
3|1|282|2023-01-21|1|1000
2|1|282|2023-12-27|2|2000
4|1|282|2023-07-29|2|2000
2|1|282|2023-06-22|3|3000
5|1|283|2023-04-26|3|3000
4|1|283|2023-09-10|3|3000
2|1|284|2023-02-16|2|2000
2|1|285|2023-06-03|3|3000
5|1|285|2023-07-14|3|3000
4|1|286|2023-12-31|2|2000
4|1|286|2023-09-20|3|3000
5|1|286|2023-04-27|3|3000
3|1|287|2023-05-19|2|2000
4|1|287|2023-07-25|2|2000
5|1|287|2023-01-02|1|1000
1|1|287|2023-11-13|3|3000
1|1|288|2023-11-25|2|2000
2|1|288|2023-11-30|1|1000
3|1|288|2023-05-30|2|2000
2|1|288|2023-06-24|3|3000
5|1|288|2023-08-22|1|1000
2|1|289|2023-01-12|2|2000
4|1|290|2023-12-23|1|1000
5|1|291|2023-01-07|2|2000
5|1|291|2023-12-02|1|1000
1|1|292|2023-06-27|3|3000
4|1|292|2023-07-23|1|1000
1|1|292|2023-07-11|1|1000
5|1|292|2023-06-16|3|3000
2|1|292|2023-06-25|3|3000
5|1|293|2023-07-28|1|1000
4|1|293|2023-11-24|2|2000
1|1|294|2023-12-26|2|2000
1|1|294|2023-02-04|1|1000
1|1|294|2023-12-02|1|1000
5|1|294|2023-01-17|3|3000
1|1|294|2023-06-25|3|3000
3|1|295|2023-10-24|3|3000
4|1|295|2023-04-21|1|1000
5|1|295|2023-11-03|1|1000
2|1|295|2023-12-16|3|3000
2|1|296|2023-11-24|1|1000
1|1|296|2023-02-21|3|3000
1|1|297|2023-08-05|1|1000
2|1|297|2023-08-11|2|2000
5|1|297|2023-02-07|1|1000
1|1|298|2023-11-15|1|1000
3|1|299|2023-06-12|2|2000
2|1|299|2023-02-07|1|1000
1|1|299|2023-03-08|3|3000
2|1|300|2023-01-02|3|3000
3|1|300|2023-10-09|3|3000
5|1|300|2023-08-22|1|1000
2|1|301|2023-08-13|2|2000
4|1|301|2023-11-01|2|2000
1|1|301|2023-08-02|1|1000
5|1|301|2023-09-30|3|3000
1|1|302|2023-05-28|3|3000
4|1|303|2023-01-27|3|3000
3|1|303|2023-01-06|3|3000
5|1|304|2023-03-18|1|1000
4|1|305|2023-03-25|3|3000
2|1|305|2023-02-02|1|1000
4|1|305|2023-01-22|2|2000
5|1|306|2023-10-11|3|3000
4|1|306|2023-05-14|3|3000
2|1|306|2023-10-13|3|3000
3|1|306|2023-12-20|2|2000
2|1|307|2023-04-26|3|3000
1|1|307|2023-05-18|1|1000
3|1|307|2023-06-30|3|3000
1|1|308|2023-01-27|3|3000
5|1|308|2023-11-03|3|3000
2|1|308|2023-03-15|2|2000
5|1|309|2023-10-22|2|2000
3|1|309|2023-05-29|3|3000
4|1|310|2023-02-20|3|3000
5|1|310|2023-08-21|3|3000
5|1|310|2023-12-03|2|2000
3|1|311|2023-02-15|1|1000
3|1|312|2023-03-21|1|1000
1|1|313|2023-11-11|1|1000
5|1|313|2023-06-17|1|1000
5|1|313|2023-12-10|2|2000
4|1|314|2023-04-08|1|1000
1|1|315|2023-05-27|1|1000
1|1|315|2023-11-06|3|3000
1|1|315|2023-10-28|2|2000
5|1|316|2023-03-06|1|1000
4|1|316|2023-04-20|3|3000
4|1|317|2023-06-30|3|3000
1|1|318|2023-03-07|1|1000
4|1|318|2023-05-29|3|3000
3|1|318|2023-08-18|1|1000
5|1|318|2023-05-23|2|2000
1|1|318|2023-07-20|3|3000
3|1|319|2023-12-08|1|1000
4|1|319|2023-11-28|1|1000
3|1|320|2023-05-31|1|1000
1|1|320|2023-08-16|2|2000
3|1|320|2023-10-20|1|1000
4|1|320|2023-04-29|1|1000
5|1|320|2023-01-23|1|1000
5|1|321|2023-03-12|1|1000
2|1|321|2023-12-12|1|1000
5|1|321|2023-04-10|1|1000
4|1|321|2023-05-29|1|1000
3|1|321|2023-01-05|3|3000
1|1|322|2023-12-29|3|3000
1|1|322|2023-12-30|2|2000
1|1|322|2023-05-26|3|3000
5|1|323|2023-07-26|2|2000
4|1|324|2023-10-24|2|2000
4|1|325|2023-07-10|3|3000
4|1|325|2023-10-11|2|2000
5|1|326|2023-12-18|3|3000
5|1|326|2023-03-23|2|2000
5|1|326|2023-03-08|1|1000
3|1|326|2023-06-23|1|1000
2|1|326|2023-05-03|3|3000
1|1|327|2023-10-07|3|3000
5|1|327|2023-04-08|1|1000
1|1|328|2023-05-24|2|2000
1|1|328|2023-05-17|1|1000
2|1|328|2023-08-16|3|3000
2|1|329|2023-05-25|3|3000
4|1|329|2023-07-19|1|1000
5|1|330|2023-06-22|1|1000
2|1|331|2023-03-04|3|3000
3|1|331|2023-07-01|2|2000
5|1|332|2023-10-26|1|1000
3|1|333|2023-07-19|3|3000
5|1|333|2023-12-03|2|2000
5|1|333|2023-07-03|1|1000
2|1|333|2023-07-06|2|2000
5|1|334|2023-06-21|3|3000
1|1|334|2023-08-05|2|2000
4|1|335|2023-08-29|1|1000
2|1|335|2023-01-22|3|3000
4|1|335|2023-05-19|3|3000
5|1|335|2023-08-04|1|1000
2|1|336|2023-06-16|3|3000
1|1|337|2023-07-31|1|1000
5|1|337|2023-07-05|2|2000
4|1|337|2023-07-21|1|1000
4|1|337|2023-01-30|3|3000
3|1|337|2023-05-29|2|2000
5|1|338|2023-05-28|2|2000
3|1|339|2023-11-26|3|3000
5|1|340|2023-05-29|2|2000
2|1|340|2023-03-20|1|1000
4|1|340|2023-01-09|2|2000
1|1|340|2023-01-29|3|3000
3|1|341|2023-07-20|1|1000
2|1|341|2023-11-29|1|1000
5|1|341|2023-05-19|1|1000
1|1|341|2023-01-28|2|2000
4|1|342|2023-12-31|2|2000
4|1|342|2023-01-16|2|2000
2|1|343|2023-04-05|1|1000
2|1|343|2023-12-16|1|1000
4|1|343|2023-05-29|1|1000
4|1|343|2023-11-15|3|3000
5|1|343|2023-04-28|1|1000
1|1|344|2023-10-02|1|1000
5|1|344|2023-07-01|2|2000
2|1|344|2023-07-22|1|1000
3|1|344|2023-02-23|3|3000
5|1|345|2023-10-07|3|3000
4|1|346|2023-02-01|3|3000
2|1|346|2023-06-25|1|1000
4|1|346|2023-12-17|2|2000
1|1|346|2023-10-03|1|1000
3|1|346|2023-07-04|3|3000
3|1|347|2023-12-04|2|2000
2|1|348|2023-01-02|1|1000
2|1|348|2023-07-22|2|2000
2|1|348|2023-01-25|2|2000
4|1|348|2023-10-04|1|1000
4|1|348|2023-08-06|2|2000
5|1|349|2023-10-16|2|2000
5|1|349|2023-12-25|1|1000
2|1|350|2023-03-16|1|1000
1|1|350|2023-01-09|3|3000
2|1|350|2023-06-27|3|3000
2|1|350|2023-04-08|1|1000
1|1|351|2023-03-18|3|3000
3|1|351|2023-10-25|2|2000
2|1|352|2023-02-11|1|1000
1|1|352|2023-02-11|1|1000
1|1|352|2023-09-22|3|3000
2|1|352|2023-06-11|3|3000
5|1|353|2023-11-29|2|2000
1|1|353|2023-08-31|1|1000
2|1|354|2023-07-27|1|1000
5|1|355|2023-06-06|1|1000
5|1|355|2023-07-16|3|3000
3|1|355|2023-04-07|2|2000
3|1|356|2023-11-07|1|1000
5|1|356|2023-06-30|2|2000
2|1|356|2023-03-23|3|3000
5|1|356|2023-10-23|2|2000
1|1|357|2023-07-09|2|2000
2|1|357|2023-12-06|3|3000
3|1|357|2023-09-10|3|3000
1|1|358|2023-01-05|1|1000
1|1|358|2023-11-01|2|2000
3|1|358|2023-10-04|3|3000
2|1|358|2023-10-08|2|2000
1|1|359|2023-07-23|3|3000
2|1|359|2023-05-16|1|1000
5|1|359|2023-03-28|3|3000
1|1|360|2023-04-07|3|3000
4|1|361|2023-01-26|2|2000
2|1|362|2023-05-04|2|2000
3|1|362|2023-07-15|1|1000
4|1|363|2023-05-19|2|2000
4|1|363|2023-10-22|2|2000
5|1|364|2023-12-16|1|1000
1|1|364|2023-06-27|1|1000
3|1|365|2023-12-09|2|2000
2|1|365|2023-03-03|1|1000
3|1|366|2023-08-15|3|3000
2|1|367|2023-07-31|3|3000
4|1|367|2023-12-11|2|2000
4|1|367|2023-07-31|1|1000
1|1|367|2023-06-03|1|1000
2|1|367|2023-10-11|2|2000
2|1|368|2023-08-30|1|1000
3|1|368|2023-05-31|1|1000
2|1|368|2023-01-31|1|1000
1|1|368|2023-09-17|1|1000
5|1|368|2023-07-13|3|3000
5|1|369|2023-04-06|2|2000
1|1|369|2023-02-20|1|1000
4|1|369|2023-04-27|2|2000
1|1|370|2023-12-06|1|1000
4|1|371|2023-05-01|2|2000
5|1|372|2023-09-16|3|3000
1|1|372|2023-10-23|2|2000
4|1|372|2023-03-02|1|1000
2|1|373|2023-07-23|3|3000
5|1|373|2023-04-15|3|3000
3|1|373|2023-05-16|1|1000
1|1|374|2023-04-10|2|2000
1|1|374|2023-01-19|3|3000
5|1|374|2023-08-23|1|1000
1|1|374|2023-12-09|3|3000
4|1|375|2023-08-25|2|2000
1|1|375|2023-09-26|2|2000
5|1|375|2023-05-14|1|1000
5|1|375|2023-03-17|2|2000
3|1|375|2023-04-28|1|1000
1|1|376|2023-02-02|1|1000
4|1|377|2023-10-08|3|3000
5|1|377|2023-03-23|3|3000
5|1|378|2023-12-23|1|1000
3|1|378|2023-07-01|3|3000
3|1|378|2023-11-18|2|2000
4|1|378|2023-06-28|1|1000
4|1|379|2023-01-10|3|3000
5|1|380|2023-07-04|2|2000
1|1|380|2023-01-17|3|3000
3|1|380|2023-01-06|1|1000
4|1|381|2023-12-30|2|2000
1|1|381|2023-10-03|3|3000
4|1|381|2023-03-26|1|1000
1|1|381|2023-05-13|3|3000
4|1|382|2023-08-24|3|3000
5|1|382|2023-10-09|3|3000
1|1|382|2023-11-01|2|2000
1|1|383|2023-10-19|2|2000
1|1|384|2023-12-09|3|3000
1|1|384|2023-03-08|3|3000
1|1|384|2023-02-27|1|1000
1|1|384|2023-06-19|1|1000
1|1|385|2023-02-15|2|2000
2|1|385|2023-10-12|3|3000
1|1|385|2023-12-16|1|1000
4|1|385|2023-05-24|2|2000
2|1|385|2023-07-26|3|3000
1|1|386|2023-02-07|3|3000
1|1|386|2023-09-18|2|2000
4|1|387|2023-02-01|2|2000
2|1|387|2023-06-23|2|2000
4|1|388|2023-09-29|2|2000
5|1|388|2023-10-03|3|3000
2|1|389|2023-11-18|2|2000
3|1|389|2023-08-30|3|3000
2|1|390|2023-12-30|1|1000
4|1|390|2023-12-26|2|2000
1|1|390|2023-04-13|2|2000
1|1|390|2023-04-10|2|2000
4|1|390|2023-12-30|3|3000
4|1|391|2023-05-02|3|3000
1|1|391|2023-04-14|1|1000
2|1|391|2023-03-15|1|1000
4|1|391|2023-07-06|1|1000
2|1|391|2023-06-19|3|3000
1|1|392|2023-07-24|1|1000
3|1|392|2023-02-07|3|3000
5|1|392|2023-04-14|2|2000
4|1|393|2023-06-07|3|3000
1|1|393|2023-04-15|2|2000
2|1|393|2023-03-11|2|2000
1|1|394|2023-06-06|3|3000
1|1|394|2023-07-21|3|3000
5|1|394|2023-12-22|2|2000
4|1|394|2023-02-19|1|1000
2|1|394|2023-03-23|3|3000
3|1|395|2023-02-12|1|1000
1|1|395|2023-02-12|2|2000
1|1|395|2023-02-18|1|1000
3|1|396|2023-01-10|2|2000
1|1|397|2023-09-11|1|1000
3|1|397|2023-07-27|1|1000
3|1|397|2023-04-06|2|2000
2|1|398|2023-01-11|1|1000
5|1|398|2023-04-25|2|2000
1|1|398|2023-03-20|2|2000
5|1|398|2023-12-08|2|2000
4|1|398|2023-04-06|3|3000
4|1|399|2023-03-01|1|1000
4|1|399|2023-03-02|3|3000
1|1|400|2023-07-20|2|2000
2|1|400|2023-04-03|1|1000
5|1|400|2023-10-14|1|1000
1|1|400|2023-10-25|1|1000
5|1|400|2023-12-24|2|2000
5|1|401|2023-02-09|1|1000
2|1|401|2023-07-16|1|1000
2|1|401|2023-05-04|3|3000
4|1|402|2023-05-06|3|3000
4|1|402|2023-03-05|2|2000
1|1|402|2023-03-24|3|3000
4|1|402|2023-09-07|1|1000
1|1|403|2023-09-25|3|3000
1|1|403|2023-05-28|2|2000
2|1|403|2023-01-12|1|1000
1|1|403|2023-05-24|2|2000
3|1|404|2023-11-10|1|1000
1|1|405|2023-04-22|3|3000
5|1|405|2023-06-05|3|3000
3|1|405|2023-08-07|3|3000
3|1|405|2023-02-14|2|2000
2|1|405|2023-02-06|1|1000
3|1|406|2023-01-23|1|1000
3|1|406|2023-03-13|2|2000
3|1|407|2023-06-20|3|3000
4|1|407|2023-03-17|3|3000
5|1|407|2023-06-23|1|1000
5|1|407|2023-01-04|2|2000
3|1|408|2023-06-24|2|2000
1|1|409|2023-07-27|3|3000
1|1|409|2023-08-02|2|2000
5|1|409|2023-08-25|2|2000
2|1|409|2023-08-19|3|3000
5|1|410|2023-05-01|2|2000
3|1|410|2023-01-16|1|1000
3|1|410|2023-07-13|2|2000
1|1|410|2023-08-19|1|1000
3|1|411|2023-03-14|3|3000
1|1|411|2023-01-31|3|3000
3|1|412|2023-04-10|2|2000
2|1|412|2023-07-11|1|1000
2|1|412|2023-11-02|3|3000
3|1|413|2023-06-28|3|3000
4|1|413|2023-10-07|2|2000
5|1|413|2023-08-19|3|3000
2|1|413|2023-07-11|2|2000
2|1|414|2023-04-02|3|3000
4|1|415|2023-10-02|2|2000
2|1|416|2023-12-14|2|2000
2|1|417|2023-12-04|2|2000
5|1|418|2023-05-31|1|1000
4|1|418|2023-08-05|3|3000
2|1|418|2023-05-24|1|1000
1|1|418|2023-12-14|2|2000
4|1|418|2023-05-14|2|2000
2|1|419|2023-01-02|3|3000
1|1|419|2023-07-25|2|2000
3|1|419|2023-09-17|2|2000
3|1|420|2023-04-04|3|3000
1|1|421|2023-09-06|3|3000
1|1|421|2023-12-20|1|1000
2|1|422|2023-09-20|3|3000
3|1|422|2023-08-25|1|1000
4|1|422|2023-02-18|3|3000
3|1|422|2023-11-10|2|2000
3|1|422|2023-05-24|3|3000
4|1|423|2023-12-19|3|3000
3|1|423|2023-05-09|2|2000
5|1|423|2023-09-16|1|1000
1|1|423|2023-07-09|1|1000
1|1|424|2023-09-16|1|1000
4|1|424|2023-04-06|1|1000
1|1|425|2023-05-16|3|3000
4|1|425|2023-10-19|3|3000
3|1|426|2023-06-06|3|3000
2|1|426|2023-10-16|2|2000
5|1|426|2023-09-04|1|1000
4|1|427|2023-01-03|3|3000
2|1|427|2023-09-08|1|1000
2|1|427|2023-03-12|1|1000
4|1|427|2023-04-05|1|1000
2|1|427|2023-01-21|1|1000
5|1|428|2023-08-11|3|3000
1|1|429|2023-05-22|1|1000
5|1|429|2023-05-27|2|2000
1|1|429|2023-12-28|2|2000
5|1|429|2023-09-17|3|3000
2|1|430|2023-06-06|1|1000
2|1|431|2023-09-14|3|3000
4|1|432|2023-08-05|3|3000
5|1|432|2023-01-25|2|2000
5|1|432|2023-03-18|3|3000
2|1|432|2023-06-25|1|1000
4|1|432|2023-10-05|1|1000
1|1|433|2023-04-25|3|3000
5|1|433|2023-11-06|3|3000
5|1|433|2023-10-17|1|1000
4|1|434|2023-07-17|1|1000
2|1|434|2023-12-22|1|1000
5|1|434|2023-10-16|1|1000
5|1|434|2023-03-28|1|1000
2|1|434|2023-01-11|3|3000
5|1|435|2023-12-07|1|1000
1|1|435|2023-04-22|2|2000
3|1|435|2023-03-21|2|2000
5|1|435|2023-09-04|3|3000
4|1|435|2023-04-18|1|1000
4|1|436|2023-04-14|1|1000
4|1|436|2023-04-21|1|1000
3|1|437|2023-04-25|3|3000
4|1|437|2023-01-28|2|2000
2|1|437|2023-09-21|1|1000
4|1|438|2023-02-28|3|3000
3|1|438|2023-03-05|3|3000
1|1|439|2023-04-03|3|3000
2|1|439|2023-02-21|1|1000
5|1|440|2023-08-08|2|2000
5|1|441|2023-03-19|1|1000
4|1|441|2023-06-02|1|1000
4|1|441|2023-12-08|1|1000
2|1|442|2023-07-19|2|2000
1|1|442|2023-01-12|2|2000
3|1|442|2023-09-30|3|3000
5|1|442|2023-04-22|3|3000
2|1|442|2023-10-05|3|3000
1|1|443|2023-01-25|2|2000
5|1|443|2023-07-08|1|1000
3|1|443|2023-04-06|3|3000
5|1|444|2023-05-01|1|1000
5|1|444|2023-07-27|3|3000
2|1|444|2023-06-23|2|2000
2|1|444|2023-09-10|3|3000
1|1|445|2023-09-03|1|1000
4|1|445|2023-04-30|1|1000
3|1|446|2023-02-15|3|3000
4|1|447|2023-08-21|2|2000
2|1|447|2023-02-25|2|2000
3|1|447|2023-02-27|1|1000
2|1|448|2023-03-26|1|1000
2|1|448|2023-02-20|1|1000
5|1|448|2023-05-12|3|3000
4|1|448|2023-07-23|3|3000
1|1|448|2023-11-27|3|3000
3|1|449|2023-10-26|1|1000
5|1|450|2023-02-05|2|2000
1|1|450|2023-03-21|2|2000
4|1|450|2023-07-03|1|1000
1|1|451|2023-10-30|2|2000
2|1|452|2023-06-23|3|3000
5|1|453|2023-12-07|2|2000
3|1|453|2023-02-15|1|1000
3|1|453|2023-05-24|3|3000
1|1|453|2023-05-01|1|1000
4|1|454|2023-11-20|3|3000
1|1|454|2023-12-28|1|1000
2|1|454|2023-08-28|1|1000
3|1|454|2023-03-18|1|1000
5|1|454|2023-01-26|1|1000
5|1|455|2023-06-04|1|1000
1|1|455|2023-10-21|2|2000
5|1|455|2023-02-10|3|3000
3|1|456|2023-03-29|3|3000
1|1|456|2023-06-29|1|1000
3|1|457|2023-02-02|3|3000
4|1|457|2023-10-04|3|3000
1|1|457|2023-03-03|3|3000
1|1|458|2023-11-07|2|2000
1|1|458|2023-11-26|3|3000
4|1|458|2023-11-27|3|3000
4|1|459|2023-10-06|3|3000
3|1|459|2023-04-23|1|1000
4|1|459|2023-08-14|1|1000
2|1|459|2023-12-19|2|2000
3|1|460|2023-09-13|2|2000
2|1|460|2023-09-18|3|3000
1|1|460|2023-06-08|3|3000
5|1|460|2023-04-17|2|2000
1|1|460|2023-06-14|1|1000
2|1|461|2023-07-08|2|2000
1|1|461|2023-04-12|3|3000
4|1|462|2023-08-14|3|3000
1|1|463|2023-12-06|3|3000
2|1|463|2023-08-30|2|2000
4|1|464|2023-09-21|1|1000
5|1|464|2023-01-14|1|1000
2|1|464|2023-07-16|2|2000
3|1|464|2023-08-15|2|2000
5|1|465|2023-10-24|2|2000
5|1|465|2023-04-06|1|1000
5|1|465|2023-10-25|3|3000
3|1|465|2023-08-23|2|2000
1|1|466|2023-09-09|3|3000
2|1|467|2023-11-03|2|2000
5|1|467|2023-10-09|1|1000
1|1|468|2023-05-14|3|3000
2|1|468|2023-05-10|3|3000
1|1|468|2023-05-12|1|1000
2|1|469|2023-12-18|3|3000
4|1|469|2023-03-26|1|1000
3|1|470|2023-11-12|1|1000
4|1|470|2023-07-10|2|2000
1|1|470|2023-09-20|3|3000
4|1|470|2023-09-08|2|2000
3|1|471|2023-12-19|2|2000
5|1|471|2023-07-13|3|3000
1|1|471|2023-05-23|1|1000
2|1|471|2023-09-07|2|2000
5|1|471|2023-05-06|3|3000
3|1|472|2023-02-18|3|3000
1|1|472|2023-10-25|2|2000
5|1|472|2023-03-01|3|3000
4|1|473|2023-05-14|2|2000
1|1|473|2023-11-22|3|3000
4|1|473|2023-10-31|2|2000
2|1|473|2023-01-22|2|2000
1|1|474|2023-05-28|3|3000
4|1|474|2023-06-14|3|3000
5|1|474|2023-02-11|2|2000
5|1|474|2023-12-11|2|2000
4|1|475|2023-04-17|1|1000
4|1|475|2023-08-21|1|1000
5|1|475|2023-10-28|2|2000
4|1|475|2023-05-10|3|3000
5|1|476|2023-10-27|3|3000
4|1|476|2023-05-17|1|1000
5|1|476|2023-03-10|2|2000
4|1|476|2023-02-12|1|1000
3|1|477|2023-03-05|1|1000
3|1|477|2023-05-17|3|3000
2|1|477|2023-09-24|3|3000
5|1|477|2023-10-21|2|2000
2|1|478|2023-08-08|2|2000
4|1|478|2023-04-16|2|2000
4|1|478|2023-12-10|3|3000
3|1|479|2023-09-14|3|3000
4|1|479|2023-01-24|1|1000
3|1|480|2023-01-27|3|3000
3|1|481|2023-04-28|3|3000
3|1|481|2023-04-17|1|1000
5|1|482|2023-05-26|1|1000
2|1|482|2023-05-03|3|3000
5|1|482|2023-03-21|2|2000
2|1|482|2023-07-27|3|3000
2|1|482|2023-09-22|1|1000
3|1|483|2023-12-05|1|1000
2|1|483|2023-08-04|2|2000
5|1|484|2023-09-01|3|3000
1|1|484|2023-06-11|3|3000
4|1|484|2023-11-02|2|2000
3|1|484|2023-06-18|2|2000
3|1|484|2023-10-20|2|2000
5|1|485|2023-04-07|3|3000
2|1|485|2023-06-27|2|2000
3|1|486|2023-06-22|3|3000
3|1|486|2023-11-09|1|1000
5|1|486|2023-02-06|3|3000
4|1|487|2023-02-09|2|2000
4|1|488|2023-06-01|1|1000
2|1|488|2023-02-21|2|2000
1|1|489|2023-06-12|1|1000
5|1|489|2023-02-16|1|1000
3|1|489|2023-01-04|3|3000
5|1|489|2023-06-27|2|2000
1|1|489|2023-02-07|2|2000
4|1|490|2023-08-29|1|1000
5|1|491|2023-10-11|1|1000
2|1|491|2023-07-29|3|3000
2|1|492|2023-08-26|2|2000
4|1|492|2023-03-16|3|3000
1|1|492|2023-06-22|3|3000
1|1|493|2023-09-09|1|1000
4|1|494|2023-05-14|2|2000
5|1|494|2023-02-16|1|1000
3|1|495|2023-02-18|2|2000
2|1|495|2023-05-19|3|3000
3|1|495|2023-10-24|2|2000
2|1|495|2023-06-17|3|3000
1|1|496|2023-01-10|3|3000
3|1|496|2023-04-15|1|1000
1|1|496|2023-09-23|1|1000
3|1|496|2023-01-04|3|3000
5|1|496|2023-01-20|1|1000
1|1|497|2023-05-14|3|3000
3|1|498|2023-09-01|1|1000
1|1|499|2023-03-08|1|1000
5|1|499|2023-08-13|2|2000
5|1|499|2023-02-01|2|2000
1|1|500|2023-05-12|2|2000
5|1|500|2023-05-12|3|3000
3|3|501|2023-12-28|1|1400
3|3|501|2023-10-16|3|4200
1|3|502|2023-07-06|1|1400
5|3|502|2023-12-09|3|4200
2|3|502|2023-10-06|1|1400
5|3|503|2023-01-21|1|1400
3|3|503|2023-04-21|1|1400
4|3|503|2023-04-06|1|1400
5|3|504|2023-07-22|3|4200
3|3|505|2023-08-03|2|2800
5|3|506|2023-10-13|1|1400
5|3|506|2023-01-04|1|1400
1|3|506|2023-04-03|3|4200
2|3|507|2023-02-16|2|2800
2|3|507|2023-04-08|3|4200
3|3|508|2023-09-21|2|2800
4|3|509|2023-05-02|2|2800
3|3|509|2023-08-17|3|4200
5|3|509|2023-01-22|2|2800
4|3|510|2023-08-14|1|1400
4|3|510|2023-04-13|2|2800
3|3|511|2023-11-17|3|4200
1|3|511|2023-10-20|3|4200
5|3|511|2023-05-31|1|1400
5|3|512|2023-04-04|1|1400
4|3|512|2023-12-09|1|1400
5|3|513|2023-08-27|3|4200
3|3|514|2023-11-09|2|2800
4|3|515|2023-02-13|3|4200
4|3|515|2023-08-06|3|4200
1|3|516|2023-06-10|1|1400
3|3|516|2023-10-20|1|1400
3|3|517|2023-09-11|1|1400
4|3|517|2023-11-14|3|4200
1|3|518|2023-11-17|1|1400
1|3|518|2023-09-21|1|1400
3|3|519|2023-05-30|2|2800
3|3|519|2023-12-10|1|1400
1|3|520|2023-08-25|2|2800
1|3|520|2023-12-15|3|4200
2|3|521|2023-03-15|3|4200
3|3|521|2023-12-15|2|2800
2|3|522|2023-11-26|3|4200
2|3|523|2023-07-14|1|1400
3|3|523|2023-12-24|1|1400
2|3|523|2023-05-06|3|4200
3|3|524|2023-03-09|1|1400
1|3|524|2023-03-31|2|2800
3|3|525|2023-07-12|1|1400
5|3|525|2023-04-24|1|1400
2|3|525|2023-03-13|2|2800
4|3|526|2023-11-04|2|2800
5|3|526|2023-11-26|3|4200
2|3|527|2023-08-22|2|2800
2|3|527|2023-03-30|2|2800
4|3|528|2023-02-16|3|4200
3|3|529|2023-10-09|2|2800
3|3|529|2023-07-08|3|4200
4|3|530|2023-06-18|1|1400
5|3|530|2023-03-15|2|2800
1|3|530|2023-02-17|2|2800
4|3|531|2023-08-19|2|2800
1|3|531|2023-01-04|2|2800
3|3|532|2023-11-05|2|2800
1|3|533|2023-01-16|3|4200
4|3|533|2023-01-22|3|4200
3|3|533|2023-06-17|1|1400
5|3|534|2023-03-04|3|4200
3|3|534|2023-05-21|1|1400
4|3|534|2023-12-21|1|1400
3|3|535|2023-06-11|2|2800
3|3|536|2023-06-10|1|1400
1|3|536|2023-10-14|3|4200
5|3|537|2023-01-19|2|2800
4|3|537|2023-11-11|3|4200
2|3|538|2023-07-10|3|4200
4|3|538|2023-02-26|3|4200
3|3|538|2023-07-21|2|2800
4|3|539|2023-01-31|2|2800
4|3|540|2023-06-20|1|1400
2|3|540|2023-08-30|2|2800
3|3|541|2023-12-01|1|1400
5|3|541|2023-09-26|1|1400
1|3|542|2023-07-18|3|4200
3|3|542|2023-01-20|3|4200
1|3|543|2023-09-29|3|4200
5|3|543|2023-07-20|3|4200
3|3|544|2023-03-29|2|2800
3|3|544|2023-05-20|2|2800
2|3|544|2023-07-21|1|1400
1|3|545|2023-10-21|3|4200
2|3|545|2023-12-15|1|1400
5|3|546|2023-04-09|2|2800
5|3|547|2023-08-09|2|2800
3|3|547|2023-04-25|1|1400
3|3|548|2023-02-09|2|2800
3|3|548|2023-08-03|3|4200
3|3|548|2023-12-01|3|4200
4|3|549|2023-10-17|3|4200
4|3|549|2023-11-05|1|1400
4|3|550|2023-09-12|1|1400
2|3|550|2023-02-11|2|2800
4|3|551|2023-07-24|2|2800
5|3|551|2023-03-21|1|1400
4|3|552|2023-05-20|3|4200
2|3|552|2023-06-20|1|1400
5|3|553|2023-08-17|3|4200
5|3|554|2023-04-26|1|1400
2|3|554|2023-05-12|1|1400
3|3|555|2023-05-07|2|2800
3|3|555|2023-10-17|3|4200
3|3|555|2023-11-03|1|1400
2|3|556|2023-11-03|3|4200
5|3|557|2023-05-06|1|1400
1|3|557|2023-03-19|2|2800
5|3|558|2023-06-25|3|4200
4|3|558|2023-12-14|3|4200
4|3|558|2023-12-26|3|4200
1|3|559|2023-04-12|2|2800
1|3|559|2023-08-07|1|1400
2|3|559|2023-09-22|3|4200
5|3|560|2023-09-04|1|1400
3|3|560|2023-01-13|3|4200
3|3|560|2023-12-02|2|2800
4|3|561|2023-09-19|3|4200
5|3|561|2023-09-13|2|2800
3|3|561|2023-02-11|3|4200
1|3|562|2023-02-23|3|4200
5|3|563|2023-12-22|1|1400
2|3|563|2023-05-28|1|1400
1|3|563|2023-11-15|2|2800
4|3|564|2023-04-10|2|2800
3|3|564|2023-08-14|1|1400
1|3|564|2023-03-01|3|4200
3|3|565|2023-12-20|3|4200
2|3|565|2023-01-10|2|2800
5|3|566|2023-11-18|3|4200
5|3|567|2023-02-21|1|1400
4|3|567|2023-08-20|2|2800
3|3|568|2023-12-27|3|4200
3|3|568|2023-07-03|3|4200
1|3|569|2023-09-24|2|2800
5|3|569|2023-05-24|3|4200
1|3|569|2023-10-14|2|2800
1|3|570|2023-11-29|1|1400
4|3|570|2023-09-29|3|4200
2|3|571|2023-04-25|3|4200
3|3|572|2023-01-09|3|4200
1|3|572|2023-01-24|3|4200
3|3|572|2023-02-19|1|1400
2|3|573|2023-12-08|1|1400
1|3|574|2023-09-27|2|2800
3|3|575|2023-02-07|3|4200
5|3|576|2023-02-11|1|1400
2|3|577|2023-04-11|3|4200
2|3|577|2023-03-24|2|2800
1|3|578|2023-03-09|3|4200
2|3|578|2023-12-11|3|4200
1|3|578|2023-07-13|3|4200
4|3|579|2023-10-17|2|2800
1|3|580|2023-06-02|3|4200
5|3|580|2023-04-14|3|4200
4|3|581|2023-10-17|1|1400
4|3|581|2023-04-24|3|4200
2|3|581|2023-03-22|3|4200
4|3|582|2023-03-07|3|4200
4|3|583|2023-03-24|3|4200
5|3|583|2023-10-08|3|4200
2|3|583|2023-04-29|2|2800
1|3|584|2023-05-10|3|4200
5|3|584|2023-06-16|3|4200
5|3|585|2023-09-13|1|1400
5|3|586|2023-01-28|1|1400
2|3|586|2023-10-26|3|4200
2|3|587|2023-10-27|3|4200
1|3|587|2023-08-05|1|1400
4|3|587|2023-07-01|3|4200
2|3|588|2023-12-17|3|4200
1|3|588|2023-08-18|2|2800
4|3|589|2023-09-27|2|2800
3|3|589|2023-05-02|2|2800
4|3|589|2023-10-22|1|1400
2|3|590|2023-05-18|2|2800
4|3|590|2023-08-25|1|1400
3|3|591|2023-09-07|2|2800
1|3|591|2023-01-11|3|4200
1|3|591|2023-04-03|3|4200
3|3|592|2023-07-24|3|4200
5|3|593|2023-07-03|1|1400
5|3|593|2023-08-03|1|1400
4|3|593|2023-12-13|3|4200
3|3|594|2023-03-03|1|1400
4|3|595|2023-11-27|3|4200
3|3|596|2023-08-28|1|1400
2|3|596|2023-06-22|1|1400
1|3|596|2023-03-10|3|4200
3|3|597|2023-11-24|1|1400
3|3|597|2023-10-21|3|4200
1|3|597|2023-07-13|1|1400
1|3|598|2023-06-17|1|1400
3|3|599|2023-03-15|2|2800
4|3|600|2023-09-20|1|1400
3|3|601|2023-11-26|2|2800
5|3|602|2023-05-13|3|4200
3|3|602|2023-01-28|3|4200
2|3|602|2023-05-12|3|4200
5|3|603|2023-10-27|1|1400
5|3|604|2023-08-11|3|4200
3|3|604|2023-01-28|2|2800
1|3|604|2023-08-17|3|4200
4|3|605|2023-01-18|3|4200
4|3|605|2023-08-10|2|2800
1|3|605|2023-08-19|2|2800
5|3|606|2023-03-20|1|1400
2|3|606|2023-07-20|1|1400
1|3|607|2023-04-30|2|2800
3|3|607|2023-07-29|3|4200
3|3|608|2023-12-03|3|4200
3|3|608|2023-06-14|3|4200
3|3|609|2023-01-04|1|1400
3|3|609|2023-11-29|1|1400
2|3|609|2023-12-09|2|2800
3|3|610|2023-06-11|2|2800
5|3|611|2023-03-15|2|2800
4|3|611|2023-05-21|3|4200
4|3|611|2023-05-14|3|4200
1|3|612|2023-05-09|1|1400
4|3|613|2023-07-17|2|2800
5|3|614|2023-09-05|3|4200
3|3|615|2023-10-13|2|2800
4|3|615|2023-01-01|3|4200
2|3|615|2023-11-26|2|2800
5|3|616|2023-09-30|1|1400
5|3|617|2023-07-20|3|4200
3|3|618|2023-11-17|2|2800
1|3|619|2023-03-07|1|1400
2|3|619|2023-05-31|1|1400
1|3|619|2023-12-30|3|4200
4|3|620|2023-10-18|3|4200
3|3|620|2023-03-17|3|4200
1|3|621|2023-02-24|1|1400
1|3|621|2023-01-07|1|1400
2|3|622|2023-12-02|2|2800
1|3|623|2023-08-13|2|2800
4|3|623|2023-02-04|1|1400
3|3|623|2023-10-17|2|2800
4|3|624|2023-04-07|2|2800
4|3|624|2023-10-31|1|1400
2|3|625|2023-04-03|2|2800
1|3|626|2023-09-10|3|4200
2|3|626|2023-03-15|3|4200
4|3|627|2023-06-28|1|1400
1|3|627|2023-11-27|2|2800
2|3|627|2023-04-21|1|1400
2|3|628|2023-02-16|1|1400
2|3|628|2023-04-16|2|2800
2|3|629|2023-01-23|3|4200
4|3|629|2023-10-18|1|1400
2|3|629|2023-11-21|3|4200
4|3|630|2023-07-03|2|2800
5|3|631|2023-12-31|2|2800
5|3|631|2023-06-23|3|4200
5|3|632|2023-11-20|1|1400
5|3|632|2023-10-14|2|2800
2|3|632|2023-11-16|2|2800
5|3|633|2023-11-13|2|2800
3|3|634|2023-11-20|2|2800
3|3|635|2023-12-08|2|2800
4|3|636|2023-04-25|3|4200
1|3|636|2023-12-29|3|4200
3|3|637|2023-10-29|3|4200
5|3|637|2023-07-12|3|4200
3|3|637|2023-09-02|1|1400
5|3|638|2023-12-31|2|2800
2|3|638|2023-08-13|2|2800
2|3|639|2023-06-07|1|1400
3|3|639|2023-02-18|2|2800
3|3|640|2023-06-20|3|4200
2|3|641|2023-03-14|1|1400
5|3|642|2023-02-11|2|2800
4|3|642|2023-11-12|1|1400
3|3|642|2023-05-29|1|1400
4|3|643|2023-09-03|2|2800
5|3|643|2023-11-16|3|4200
3|3|643|2023-06-23|1|1400
3|3|644|2023-09-19|1|1400
2|3|644|2023-06-21|2|2800
4|3|645|2023-10-08|1|1400
2|3|646|2023-12-08|3|4200
3|3|647|2023-09-07|1|1400
5|3|647|2023-04-15|3|4200
4|3|648|2023-02-04|3|4200
4|3|648|2023-11-30|2|2800
1|3|648|2023-03-22|3|4200
5|3|649|2023-08-02|2|2800
3|3|649|2023-04-21|2|2800
4|3|649|2023-04-08|2|2800
2|3|650|2023-10-10|1|1400
2|3|650|2023-06-26|1|1400
2|3|650|2023-06-10|1|1400
4|3|651|2023-09-29|2|2800
1|3|652|2023-01-24|1|1400
4|3|652|2023-09-01|1|1400
4|3|652|2023-07-25|3|4200
1|3|653|2023-05-13|3|4200
4|3|653|2023-02-04|3|4200
3|3|653|2023-11-16|1|1400
3|3|654|2023-04-07|1|1400
2|3|654|2023-06-29|2|2800
5|3|655|2023-05-30|3|4200
4|3|655|2023-09-04|3|4200
2|3|655|2023-12-26|2|2800
1|3|656|2023-02-08|1|1400
4|3|656|2023-11-14|1|1400
4|3|657|2023-02-20|1|1400
5|3|658|2023-03-29|1|1400
3|3|658|2023-03-06|1|1400
1|3|658|2023-08-09|2|2800
4|3|659|2023-02-02|1|1400
1|3|659|2023-08-28|1|1400
1|3|660|2023-09-14|2|2800
5|3|661|2023-09-07|2|2800
1|3|661|2023-03-02|1|1400
4|3|662|2023-04-28|1|1400
1|3|663|2023-04-09|3|4200
4|3|664|2023-10-17|3|4200
5|3|665|2023-09-08|3|4200
3|3|665|2023-03-19|3|4200
5|3|665|2023-06-25|3|4200
1|3|666|2023-09-03|2|2800
3|3|666|2023-02-12|3|4200
2|3|667|2023-02-02|1|1400
5|3|667|2023-10-31|3|4200
4|3|668|2023-02-07|1|1400
3|3|669|2023-06-12|1|1400
2|3|669|2023-08-26|2|2800
5|3|670|2023-05-10|2|2800
2|3|670|2023-10-15|3|4200
4|3|671|2023-04-28|1|1400
2|3|671|2023-08-08|2|2800
4|3|671|2023-12-26|1|1400
2|3|672|2023-01-07|2|2800
2|3|672|2023-08-13|3|4200
2|3|673|2023-09-26|1|1400
1|3|674|2023-03-23|3|4200
2|3|674|2023-10-11|3|4200
5|3|674|2023-08-04|2|2800
2|3|675|2023-12-16|2|2800
1|3|676|2023-09-22|3|4200
3|3|677|2023-03-31|3|4200
4|3|678|2023-08-25|3|4200
4|3|678|2023-01-13|2|2800
1|3|678|2023-10-24|1|1400
5|3|679|2023-12-12|2|2800
3|3|679|2023-01-18|3|4200
1|3|679|2023-04-26|3|4200
3|3|680|2023-11-07|3|4200
4|3|680|2023-07-15|3|4200
5|3|681|2023-04-02|1|1400
5|3|682|2023-04-25|2|2800
2|3|683|2023-07-03|1|1400
3|3|683|2023-08-29|1|1400
5|3|683|2023-06-13|1|1400
4|3|684|2023-08-15|3|4200
4|3|684|2023-02-04|1|1400
1|3|684|2023-11-27|2|2800
3|3|685|2023-12-26|1|1400
1|3|685|2023-08-19|2|2800
1|3|685|2023-11-26|3|4200
5|3|686|2023-03-20|3|4200
4|3|687|2023-06-28|3|4200
3|3|687|2023-07-31|3|4200
4|3|688|2023-05-10|3|4200
3|3|688|2023-09-24|3|4200
1|3|689|2023-11-15|2|2800
2|3|689|2023-10-05|1|1400
5|3|690|2023-04-02|1|1400
5|3|690|2023-11-28|1|1400
2|3|691|2023-04-01|2|2800
1|3|692|2023-01-11|3|4200
3|3|692|2023-07-29|2|2800
2|3|693|2023-10-23|2|2800
1|3|693|2023-02-03|2|2800
4|3|693|2023-07-13|1|1400
1|3|694|2023-04-12|1|1400
5|3|695|2023-10-24|3|4200
3|3|695|2023-12-26|3|4200
3|3|695|2023-12-28|3|4200
4|3|696|2023-12-19|1|1400
1|3|696|2023-04-13|3|4200
5|3|697|2023-03-18|3|4200
1|3|697|2023-04-07|1|1400
4|3|697|2023-05-02|1|1400
2|3|698|2023-06-30|3|4200
3|3|699|2023-09-12|2|2800
4|3|700|2023-11-11|1|1400
1|3|700|2023-09-29|2|2800
3|1|701|2023-10-28|1|1000
1|3|701|2023-05-09|3|4200
4|1|701|2023-11-04|3|3000
3|3|701|2023-04-13|3|4200
2|3|701|2023-01-05|1|1400
1|1|701|2023-04-27|2|2000
1|3|702|2023-07-30|1|1400
5|1|702|2023-10-16|2|2000
5|3|702|2023-09-07|3|4200
4|1|703|2023-12-31|3|3000
5|3|703|2023-05-29|3|4200
2|3|703|2023-12-13|2|2800
4|3|703|2023-05-31|3|4200
3|1|703|2023-04-05|3|3000
3|3|704|2023-10-28|3|4200
4|1|704|2023-10-18|1|1000
5|1|704|2023-10-05|2|2000
3|3|704|2023-03-25|1|1400
2|3|704|2023-02-12|2|2800
5|1|704|2023-05-01|2|2000
1|3|705|2023-08-31|3|4200
3|1|705|2023-06-11|1|1000
1|1|706|2023-11-03|2|2000
1|1|706|2023-04-28|1|1000
3|1|707|2023-08-16|1|1000
4|1|707|2023-12-16|3|3000
4|3|707|2023-04-03|1|1400
5|1|707|2023-06-12|2|2000
1|1|707|2023-08-13|1|1000
4|3|707|2023-11-20|3|4200
2|1|708|2023-08-07|1|1000
2|3|708|2023-12-01|1|1400
4|1|709|2023-06-27|3|3000
5|3|709|2023-11-23|3|4200
4|3|709|2023-04-25|2|2800
3|1|710|2023-04-20|1|1000
2|1|710|2023-07-11|1|1000
2|1|710|2023-08-25|2|2000
1|3|711|2023-12-24|2|2800
4|1|711|2023-07-01|1|1000
2|3|711|2023-05-01|1|1400
3|3|712|2023-02-26|3|4200
4|3|712|2023-01-20|1|1400
1|3|712|2023-03-13|1|1400
1|1|712|2023-11-25|1|1000
5|1|712|2023-01-17|2|2000
3|3|712|2023-11-07|1|1400
1|3|713|2023-11-30|2|2800
4|3|713|2023-03-05|2|2800
2|3|714|2023-05-10|2|2800
3|3|714|2023-11-12|2|2800
3|1|714|2023-07-01|1|1000
1|3|714|2023-10-21|1|1400
5|3|714|2023-04-13|3|4200
3|1|714|2023-11-16|1|1000
2|3|715|2023-11-26|3|4200
3|3|715|2023-06-27|2|2800
5|1|715|2023-08-17|3|3000
4|3|716|2023-01-13|2|2800
5|3|716|2023-12-03|2|2800
2|1|716|2023-05-21|3|3000
4|1|716|2023-02-08|1|1000
4|1|717|2023-06-29|1|1000
4|1|717|2023-01-26|1|1000
2|3|717|2023-11-09|1|1400
3|1|717|2023-04-22|2|2000
2|1|717|2023-04-18|2|2000
5|1|718|2023-06-03|2|2000
4|1|718|2023-11-20|3|3000
3|1|718|2023-12-13|1|1000
5|1|719|2023-11-13|2|2000
4|3|719|2023-07-14|3|4200
1|3|719|2023-07-23|1|1400
1|1|720|2023-08-24|2|2000
3|3|720|2023-06-23|2|2800
2|1|720|2023-04-10|2|2000
2|3|721|2023-10-12|2|2800
2|3|721|2023-11-08|3|4200
1|1|721|2023-10-23|2|2000
4|3|721|2023-08-05|2|2800
4|1|722|2023-09-08|1|1000
3|1|722|2023-05-17|2|2000
1|1|722|2023-05-28|1|1000
4|3|722|2023-12-17|1|1400
1|3|722|2023-09-08|3|4200
3|1|722|2023-08-29|3|3000
5|3|723|2023-10-31|1|1400
1|1|723|2023-12-08|2|2000
1|1|723|2023-08-20|1|1000
2|1|723|2023-01-27|3|3000
5|1|724|2023-08-23|3|3000
3|3|724|2023-10-09|2|2800
5|3|725|2023-02-23|3|4200
3|1|725|2023-07-12|3|3000
3|3|725|2023-02-13|3|4200
3|3|725|2023-02-19|2|2800
1|1|725|2023-01-20|1|1000
5|3|726|2023-08-24|1|1400
3|3|726|2023-03-11|3|4200
2|1|726|2023-11-01|1|1000
5|1|726|2023-05-25|2|2000
3|1|726|2023-10-29|2|2000
3|1|726|2023-04-15|3|3000
2|1|727|2023-04-17|2|2000
5|3|727|2023-05-13|1|1400
4|1|727|2023-03-04|2|2000
3|3|727|2023-05-01|2|2800
4|3|727|2023-05-08|1|1400
1|1|728|2023-09-09|3|3000
1|3|728|2023-11-25|1|1400
3|1|729|2023-07-17|3|3000
1|3|729|2023-04-19|2|2800
5|3|729|2023-02-11|2|2800
2|1|729|2023-06-18|2|2000
3|3|730|2023-02-02|3|4200
1|1|730|2023-01-04|1|1000
5|3|730|2023-04-03|3|4200
5|1|731|2023-11-16|1|1000
1|1|731|2023-05-04|2|2000
4|1|731|2023-06-29|2|2000
4|1|731|2023-10-19|1|1000
3|1|731|2023-06-19|2|2000
1|1|731|2023-07-11|2|2000
4|3|732|2023-03-23|2|2800
1|3|732|2023-01-23|1|1400
4|3|732|2023-05-05|3|4200
3|3|732|2023-04-27|1|1400
3|3|732|2023-11-29|2|2800
3|3|732|2023-09-23|1|1400
1|3|733|2023-03-19|1|1400
5|3|733|2023-09-08|1|1400
2|3|733|2023-07-08|1|1400
2|3|734|2023-02-09|1|1400
1|1|734|2023-08-16|1|1000
3|3|735|2023-01-13|2|2800
5|1|735|2023-06-23|2|2000
2|3|735|2023-12-11|2|2800
4|1|735|2023-02-15|3|3000
4|1|735|2023-10-30|3|3000
5|1|735|2023-09-23|2|2000
2|1|736|2023-12-31|1|1000
5|3|736|2023-04-23|3|4200
1|3|736|2023-02-27|3|4200
4|3|737|2023-08-08|2|2800
4|1|737|2023-12-14|1|1000
1|3|737|2023-11-18|3|4200
5|3|737|2023-01-19|1|1400
5|3|738|2023-03-04|1|1400
4|3|738|2023-05-09|2|2800
1|3|738|2023-02-20|3|4200
3|1|738|2023-10-09|3|3000
1|1|738|2023-03-18|3|3000
3|3|739|2023-11-11|2|2800
1|1|739|2023-09-21|1|1000
2|3|739|2023-05-01|3|4200
3|3|739|2023-04-19|1|1400
2|1|739|2023-07-01|3|3000
4|1|740|2023-04-05|3|3000
2|3|740|2023-01-29|1|1400
1|3|740|2023-08-11|2|2800
4|3|740|2023-05-27|1|1400
2|1|741|2023-05-28|2|2000
2|1|741|2023-08-04|1|1000
2|1|741|2023-03-12|1|1000
4|3|741|2023-10-24|1|1400
1|1|742|2023-11-04|1|1000
1|3|742|2023-05-12|1|1400
1|3|742|2023-02-08|3|4200
4|1|743|2023-05-07|3|3000
5|1|743|2023-11-27|3|3000
5|3|743|2023-05-27|1|1400
2|1|743|2023-05-05|1|1000
2|3|743|2023-08-05|1|1400
2|3|744|2023-07-20|1|1400
3|1|744|2023-03-26|1|1000
1|3|744|2023-12-14|1|1400
3|3|744|2023-12-16|1|1400
5|1|744|2023-11-22|1|1000
2|3|745|2023-12-03|1|1400
3|1|745|2023-07-17|2|2000
1|3|745|2023-11-22|2|2800
3|3|745|2023-03-29|3|4200
4|1|745|2023-10-05|2|2000
4|3|745|2023-02-23|1|1400
5|1|746|2023-08-08|3|3000
3|1|746|2023-02-10|1|1000
3|1|746|2023-11-04|2|2000
2|1|746|2023-11-02|3|3000
5|1|746|2023-04-03|1|1000
2|3|746|2023-11-03|2|2800
3|1|747|2023-11-15|3|3000
3|1|747|2023-01-19|3|3000
4|1|747|2023-04-17|2|2000
5|3|748|2023-03-15|2|2800
5|1|748|2023-06-19|1|1000
3|1|748|2023-03-26|1|1000
1|1|749|2023-07-10|1|1000
1|3|749|2023-08-30|3|4200
5|3|749|2023-01-08|1|1400
5|1|750|2023-08-15|2|2000
1|1|750|2023-07-28|3|3000
1|1|750|2023-01-20|1|1000
2|3|751|2023-10-20|2|2800
1|1|751|2023-11-11|3|3000
1|1|752|2023-10-07|3|3000
2|1|752|2023-09-21|1|1000
5|1|753|2023-04-21|1|1000
3|1|753|2023-11-25|1|1000
2|1|753|2023-05-12|1|1000
1|1|753|2023-09-25|1|1000
2|1|753|2023-03-02|2|2000
1|3|754|2023-10-16|1|1400
1|3|754|2023-11-23|1|1400
3|1|754|2023-02-25|1|1000
1|3|754|2023-09-07|2|2800
5|1|755|2023-09-27|3|3000
4|1|755|2023-02-18|1|1000
1|1|755|2023-06-14|1|1000
2|1|756|2023-02-07|1|1000
5|3|756|2023-03-24|2|2800
2|3|756|2023-06-02|1|1400
2|1|757|2023-07-19|3|3000
5|3|757|2023-05-07|3|4200
2|3|757|2023-01-31|3|4200
5|1|757|2023-10-25|1|1000
2|3|758|2023-11-27|2|2800
3|3|758|2023-02-26|2|2800
5|3|758|2023-10-08|1|1400
5|1|758|2023-08-15|2|2000
1|1|759|2023-05-26|1|1000
5|1|759|2023-02-04|1|1000
5|1|760|2023-07-26|1|1000
3|1|760|2023-08-16|1|1000
1|1|761|2023-11-23|2|2000
4|1|761|2023-08-04|1|1000
2|3|761|2023-03-27|1|1400
2|1|761|2023-07-26|3|3000
4|3|762|2023-09-09|3|4200
2|1|762|2023-08-02|3|3000
5|3|762|2023-07-18|3|4200
1|1|762|2023-09-23|3|3000
5|1|762|2023-08-18|3|3000
4|3|763|2023-04-01|2|2800
4|3|763|2023-09-01|3|4200
2|1|763|2023-05-25|2|2000
4|1|763|2023-02-24|2|2000
4|1|764|2023-11-09|2|2000
1|3|764|2023-05-21|1|1400
1|3|764|2023-10-06|3|4200
4|1|765|2023-12-13|1|1000
5|1|765|2023-01-26|1|1000
3|1|766|2023-06-26|1|1000
5|1|766|2023-08-31|3|3000
1|3|766|2023-04-16|3|4200
4|1|766|2023-05-04|2|2000
5|1|766|2023-01-29|1|1000
4|1|767|2023-05-19|2|2000
2|3|767|2023-06-21|1|1400
4|1|767|2023-09-02|3|3000
2|1|767|2023-11-16|3|3000
4|3|768|2023-11-30|2|2800
2|1|768|2023-05-31|1|1000
1|3|768|2023-08-15|1|1400
5|1|768|2023-07-12|1|1000
2|3|769|2023-11-13|2|2800
3|3|769|2023-04-01|3|4200
2|1|769|2023-08-15|3|3000
1|1|770|2023-08-09|2|2000
1|3|770|2023-08-27|2|2800
2|1|770|2023-09-24|3|3000
4|1|770|2023-01-23|2|2000
2|3|771|2023-08-01|1|1400
3|1|771|2023-12-31|3|3000
4|1|771|2023-02-27|3|3000
1|1|772|2023-06-12|2|2000
4|3|772|2023-05-09|3|4200
4|3|772|2023-09-07|1|1400
3|1|772|2023-09-02|3|3000
3|1|772|2023-06-28|3|3000
2|1|772|2023-04-19|1|1000
5|3|773|2023-09-02|2|2800
1|1|773|2023-05-06|2|2000
2|1|773|2023-11-25|1|1000
5|3|773|2023-07-31|3|4200
2|1|773|2023-10-27|3|3000
5|1|774|2023-12-29|3|3000
3|1|774|2023-06-16|2|2000
3|1|774|2023-12-17|2|2000
1|1|774|2023-04-19|1|1000
4|1|774|2023-02-12|2|2000
3|3|774|2023-06-11|2|2800
5|1|775|2023-04-17|2|2000
3|3|775|2023-08-10|2|2800
3|1|775|2023-06-03|3|3000
1|1|775|2023-11-12|1|1000
5|3|776|2023-01-06|2|2800
2|3|776|2023-06-23|3|4200
2|3|776|2023-12-01|3|4200
3|1|776|2023-12-17|1|1000
2|1|776|2023-12-17|1|1000
5|1|777|2023-01-27|1|1000
2|3|777|2023-01-23|3|4200
1|1|777|2023-09-01|3|3000
2|1|777|2023-11-07|3|3000
5|3|777|2023-04-08|3|4200
3|3|778|2023-04-18|2|2800
3|3|778|2023-02-22|2|2800
1|3|779|2023-06-03|3|4200
3|1|779|2023-11-19|3|3000
1|3|779|2023-03-22|1|1400
2|3|779|2023-03-02|3|4200
4|3|780|2023-03-24|1|1400
1|1|780|2023-02-09|3|3000
4|1|780|2023-08-27|2|2000
1|1|781|2023-12-19|3|3000
5|3|781|2023-01-16|2|2800
2|1|782|2023-08-14|2|2000
1|3|782|2023-07-17|3|4200
2|1|782|2023-04-08|3|3000
5|3|782|2023-09-12|2|2800
4|1|782|2023-05-23|2|2000
1|1|783|2023-05-26|2|2000
2|3|783|2023-03-20|1|1400
5|3|783|2023-04-23|1|1400
2|3|783|2023-12-09|3|4200
1|3|783|2023-06-30|3|4200
5|1|783|2023-04-04|1|1000
3|3|784|2023-10-08|1|1400
1|3|784|2023-01-21|3|4200
5|1|784|2023-01-07|2|2000
3|1|784|2023-10-25|3|3000
4|1|784|2023-09-07|2|2000
2|3|784|2023-07-05|1|1400
4|3|785|2023-10-10|1|1400
5|1|785|2023-11-08|1|1000
2|1|785|2023-08-14|1|1000
1|1|785|2023-12-18|1|1000
4|3|785|2023-01-02|2|2800
1|1|786|2023-02-02|2|2000
5|1|786|2023-08-07|1|1000
1|3|786|2023-06-04|1|1400
1|1|786|2023-12-08|1|1000
1|3|786|2023-02-28|2|2800
2|3|786|2023-07-24|1|1400
4|3|787|2023-06-19|2|2800
3|1|787|2023-11-23|2|2000
1|1|788|2023-04-09|3|3000
3|1|788|2023-11-29|1|1000
3|1|789|2023-04-28|3|3000
4|3|789|2023-03-23|3|4200
5|1|789|2023-05-22|2|2000
3|3|789|2023-03-06|2|2800
3|1|789|2023-11-19|1|1000
1|3|789|2023-10-16|2|2800
5|1|790|2023-03-11|2|2000
4|1|790|2023-08-03|3|3000
1|1|790|2023-08-08|1|1000
4|1|790|2023-12-19|2|2000
4|1|791|2023-02-09|1|1000
3|1|791|2023-07-14|1|1000
2|1|791|2023-05-27|3|3000
5|1|791|2023-08-17|3|3000
2|1|792|2023-11-08|3|3000
1|1|792|2023-01-15|3|3000
4|1|792|2023-09-01|3|3000
4|1|792|2023-11-06|1|1000
3|1|792|2023-08-06|1|1000
3|1|792|2023-07-02|1|1000
5|3|793|2023-04-09|3|4200
3|1|793|2023-02-18|1|1000
2|1|794|2023-01-11|3|3000
2|3|794|2023-10-21|1|1400
2|1|794|2023-08-02|1|1000
3|1|795|2023-07-03|2|2000
1|1|795|2023-11-24|2|2000
4|3|795|2023-01-16|1|1400
3|3|795|2023-03-19|2|2800
1|3|795|2023-10-12|2|2800
3|1|795|2023-06-20|2|2000
5|1|796|2023-07-25|2|2000
5|3|796|2023-06-30|2|2800
3|3|796|2023-05-03|1|1400
5|1|796|2023-10-10|1|1000
1|3|797|2023-04-22|2|2800
4|1|797|2023-06-08|3|3000
1|1|798|2023-08-20|3|3000
4|3|798|2023-03-29|3|4200
5|3|798|2023-06-12|1|1400
2|1|798|2023-05-13|3|3000
5|1|798|2023-06-16|1|1000
4|1|799|2023-05-06|1|1000
1|1|799|2023-03-20|2|2000
1|1|800|2023-08-19|2|2000
2|3|800|2023-03-30|1|1400
3|1|800|2023-03-10|1|1000
2|1|800|2023-06-02|1|1000
2|1|800|2023-10-24|2|2000
1|1|800|2023-05-14|2|2000
5|1|801|2023-11-23|2|2000
4|1|801|2023-09-16|2|2000
5|3|801|2023-04-23|1|1400
2|1|801|2023-01-25|3|3000
4|1|802|2023-02-17|2|2000
4|3|802|2023-11-12|3|4200
4|3|802|2023-01-26|3|4200
5|3|802|2023-04-23|2|2800
5|3|802|2023-11-30|1|1400
1|1|802|2023-08-06|2|2000
4|3|803|2023-03-10|3|4200
1|1|803|2023-10-25|2|2000
4|3|803|2023-05-26|3|4200
5|1|804|2023-06-18|1|1000
5|3|804|2023-04-21|1|1400
4|1|804|2023-04-24|1|1000
4|3|804|2023-07-01|2|2800
5|3|805|2023-04-21|1|1400
3|3|805|2023-06-09|2|2800
4|1|805|2023-04-21|3|3000
1|1|805|2023-01-25|2|2000
3|3|805|2023-03-01|2|2800
5|3|805|2023-05-27|2|2800
1|3|806|2023-11-25|1|1400
4|3|806|2023-09-30|2|2800
4|1|806|2023-07-06|1|1000
4|1|806|2023-12-29|2|2000
5|3|806|2023-08-12|2|2800
1|3|807|2023-01-19|2|2800
5|1|807|2023-02-19|1|1000
1|1|807|2023-01-06|2|2000
2|1|807|2023-10-21|2|2000
4|1|807|2023-05-09|2|2000
2|1|807|2023-12-18|2|2000
5|1|808|2023-04-05|2|2000
5|3|808|2023-10-29|3|4200
4|3|808|2023-06-02|1|1400
1|3|808|2023-11-11|1|1400
3|3|809|2023-05-22|2|2800
5|3|809|2023-12-18|3|4200
5|3|809|2023-07-06|2|2800
2|1|810|2023-02-07|2|2000
5|3|810|2023-06-29|3|4200
5|3|811|2023-04-16|1|1400
3|3|811|2023-06-20|1|1400
4|3|811|2023-02-06|3|4200
5|1|811|2023-11-24|1|1000
3|3|812|2023-05-30|1|1400
3|1|812|2023-12-28|1|1000
4|1|812|2023-06-17|3|3000
1|1|813|2023-08-17|1|1000
1|1|813|2023-09-05|2|2000
2|1|813|2023-03-19|3|3000
3|1|813|2023-10-30|1|1000
5|3|813|2023-07-19|2|2800
4|1|813|2023-07-02|3|3000
4|3|814|2023-07-27|3|4200
5|3|814|2023-04-30|1|1400
5|1|814|2023-07-26|1|1000
4|1|814|2023-08-26|1|1000
2|3|814|2023-10-07|2|2800
2|3|815|2023-08-15|2|2800
1|1|815|2023-12-19|3|3000
3|1|815|2023-12-27|1|1000
2|3|815|2023-01-19|3|4200
5|3|815|2023-10-15|3|4200
3|3|816|2023-10-23|2|2800
4|1|816|2023-06-27|3|3000
3|3|817|2023-03-12|2|2800
3|1|817|2023-09-06|1|1000
3|3|817|2023-06-03|2|2800
5|1|817|2023-09-04|3|3000
5|3|818|2023-07-20|3|4200
5|1|818|2023-04-19|1|1000
4|3|818|2023-07-06|3|4200
3|1|818|2023-02-03|3|3000
5|1|819|2023-07-22|3|3000
3|3|819|2023-07-12|1|1400
3|3|819|2023-01-30|1|1400
4|3|820|2023-12-08|2|2800
2|1|820|2023-02-02|2|2000
4|1|820|2023-03-04|1|1000
3|1|820|2023-03-04|1|1000
3|1|821|2023-03-31|2|2000
1|3|821|2023-01-29|2|2800
5|3|821|2023-09-09|1|1400
2|1|821|2023-02-05|2|2000
1|3|822|2023-12-11|2|2800
2|3|822|2023-10-07|2|2800
5|1|822|2023-01-19|3|3000
1|3|822|2023-01-19|3|4200
2|3|822|2023-04-09|1|1400
2|3|822|2023-05-18|3|4200
2|1|823|2023-01-06|3|3000
1|3|823|2023-03-25|1|1400
4|1|823|2023-08-05|3|3000
2|3|823|2023-03-10|1|1400
4|1|823|2023-03-21|1|1000
2|3|823|2023-09-11|1|1400
3|3|824|2023-12-12|3|4200
2|3|824|2023-03-01|1|1400
4|3|824|2023-09-22|2|2800
3|3|825|2023-04-19|1|1400
1|3|825|2023-02-01|1|1400
4|1|825|2023-05-29|2|2000
1|1|826|2023-02-17|1|1000
3|3|826|2023-07-04|2|2800
1|1|826|2023-01-30|2|2000
3|3|826|2023-08-25|3|4200
3|3|826|2023-07-17|2|2800
4|1|827|2023-12-19|1|1000
5|3|827|2023-11-05|2|2800
1|3|828|2023-05-01|2|2800
3|3|828|2023-12-08|1|1400
3|1|829|2023-02-10|3|3000
1|1|829|2023-06-20|2|2000
3|3|830|2023-09-30|3|4200
1|1|830|2023-01-29|1|1000
3|1|830|2023-04-05|2|2000
3|3|830|2023-01-19|2|2800
2|1|830|2023-07-19|2|2000
1|3|831|2023-06-19|3|4200
3|3|831|2023-10-03|1|1400
2|3|831|2023-12-27|3|4200
5|1|831|2023-11-03|1|1000
3|1|831|2023-01-15|1|1000
5|3|832|2023-10-22|2|2800
5|3|832|2023-05-02|3|4200
2|3|832|2023-07-18|3|4200
2|1|832|2023-06-05|3|3000
2|3|832|2023-07-23|3|4200
3|3|832|2023-01-10|3|4200
2|1|833|2023-10-10|3|3000
2|3|833|2023-11-16|1|1400
1|3|833|2023-07-31|1|1400
1|1|833|2023-04-12|2|2000
3|1|834|2023-10-27|2|2000
3|3|834|2023-12-07|3|4200
3|1|834|2023-07-01|1|1000
3|1|834|2023-07-20|2|2000
4|3|834|2023-03-16|3|4200
3|3|835|2023-07-08|1|1400
4|1|835|2023-12-16|1|1000
1|3|835|2023-10-14|2|2800
4|3|835|2023-04-28|3|4200
2|3|835|2023-12-03|2|2800
4|3|835|2023-02-17|2|2800
2|3|836|2023-05-29|3|4200
3|3|836|2023-08-01|3|4200
5|1|836|2023-03-02|2|2000
4|3|836|2023-05-13|1|1400
4|3|837|2023-04-10|3|4200
4|1|837|2023-02-05|2|2000
3|3|837|2023-04-28|1|1400
5|3|838|2023-07-11|1|1400
2|1|838|2023-05-27|3|3000
4|3|838|2023-07-10|2|2800
1|3|838|2023-05-28|3|4200
3|1|838|2023-03-28|1|1000
1|3|839|2023-09-13|2|2800
1|1|839|2023-11-13|3|3000
2|1|839|2023-11-23|1|1000
4|1|839|2023-04-03|1|1000
2|1|840|2023-06-15|2|2000
3|1|840|2023-05-04|2|2000
4|1|841|2023-09-02|1|1000
4|3|841|2023-01-03|2|2800
5|1|841|2023-07-26|3|3000
1|3|841|2023-09-11|1|1400
3|1|842|2023-04-24|1|1000
3|1|842|2023-08-27|3|3000
5|1|843|2023-09-20|2|2000
4|3|843|2023-02-28|3|4200
2|3|844|2023-05-23|3|4200
3|1|844|2023-11-30|1|1000
5|1|844|2023-05-14|1|1000
4|1|844|2023-10-29|2|2000
3|1|844|2023-07-09|2|2000
3|1|845|2023-05-24|3|3000
2|1|845|2023-01-27|2|2000
3|1|845|2023-05-29|1|1000
2|3|845|2023-10-27|1|1400
5|1|846|2023-09-15|3|3000
5|1|846|2023-07-03|1|1000
3|1|846|2023-02-23|2|2000
2|1|846|2023-10-19|2|2000
5|1|847|2023-04-16|1|1000
1|3|847|2023-12-25|3|4200
4|3|847|2023-06-25|2|2800
3|1|847|2023-10-10|3|3000
2|3|848|2023-12-03|3|4200
2|3|848|2023-07-10|1|1400
1|3|848|2023-07-22|1|1400
1|3|848|2023-10-21|3|4200
4|1|848|2023-02-16|1|1000
4|1|849|2023-05-19|3|3000
3|1|849|2023-06-21|1|1000
4|3|849|2023-02-01|2|2800
5|1|849|2023-02-25|1|1000
2|3|849|2023-07-18|3|4200
2|3|850|2023-04-16|1|1400
2|1|850|2023-07-16|2|2000
4|1|850|2023-07-20|1|1000
1|3|850|2023-02-06|2|2800
5|3|850|2023-11-30|1|1400
4|3|851|2023-05-01|1|1400
5|3|851|2023-09-14|1|1400
1|1|852|2023-12-08|3|3000
1|3|852|2023-04-19|1|1400
2|3|852|2023-02-04|2|2800
1|1|852|2023-06-18|2|2000
1|1|852|2023-03-06|3|3000
4|1|853|2023-05-29|2|2000
1|1|853|2023-04-16|3|3000
5|3|854|2023-05-04|2|2800
3|1|854|2023-07-10|3|3000
1|1|855|2023-10-28|3|3000
5|3|855|2023-10-23|2|2800
5|3|855|2023-11-17|1|1400
1|1|855|2023-06-23|3|3000
5|3|855|2023-01-29|1|1400
5|1|855|2023-05-13|2|2000
3|3|856|2023-12-30|2|2800
1|3|856|2023-04-24|1|1400
1|3|856|2023-02-14|2|2800
3|3|857|2023-02-26|1|1400
3|3|857|2023-12-27|3|4200
4|3|857|2023-10-21|1|1400
5|1|857|2023-10-18|3|3000
5|3|858|2023-11-19|1|1400
4|3|858|2023-05-24|2|2800
5|3|858|2023-06-02|1|1400
4|3|858|2023-11-14|3|4200
2|3|858|2023-08-14|2|2800
2|1|859|2023-05-23|2|2000
2|3|859|2023-01-09|1|1400
5|1|859|2023-01-20|2|2000
3|1|860|2023-04-15|3|3000
1|1|860|2023-02-24|1|1000
5|1|860|2023-09-04|1|1000
3|1|861|2023-05-16|2|2000
5|1|861|2023-03-04|1|1000
4|3|862|2023-05-14|1|1400
5|1|862|2023-04-17|2|2000
1|1|863|2023-11-29|3|3000
4|3|863|2023-02-05|2|2800
2|1|864|2023-04-21|3|3000
4|3|864|2023-04-04|3|4200
2|1|865|2023-02-27|3|3000
1|3|865|2023-02-04|1|1400
5|1|865|2023-10-28|3|3000
4|1|865|2023-10-25|1|1000
3|3|865|2023-05-14|3|4200
1|1|866|2023-04-30|1|1000
2|1|866|2023-09-26|1|1000
2|3|867|2023-01-24|2|2800
3|1|867|2023-12-01|3|3000
4|3|867|2023-11-10|1|1400
2|1|868|2023-05-09|1|1000
2|3|868|2023-06-24|2|2800
1|3|869|2023-03-27|2|2800
4|3|869|2023-09-15|3|4200
5|1|869|2023-04-18|2|2000
5|3|869|2023-12-07|1|1400
3|3|869|2023-05-08|1|1400
1|1|870|2023-08-20|1|1000
1|3|870|2023-05-19|2|2800
2|1|870|2023-04-21|2|2000
2|1|870|2023-10-18|2|2000
4|1|870|2023-11-28|3|3000
4|3|871|2023-05-26|3|4200
4|1|871|2023-09-19|1|1000
3|3|871|2023-11-07|3|4200
2|3|872|2023-03-06|2|2800
2|1|872|2023-03-09|3|3000
4|3|872|2023-08-03|1|1400
3|3|872|2023-12-09|1|1400
2|1|873|2023-02-23|1|1000
5|1|873|2023-07-13|1|1000
2|1|873|2023-11-26|3|3000
3|1|873|2023-09-22|2|2000
1|3|874|2023-06-21|2|2800
2|3|874|2023-06-11|3|4200
1|3|874|2023-01-23|3|4200
3|3|875|2023-08-18|2|2800
2|1|875|2023-07-06|1|1000
5|1|875|2023-12-14|1|1000
2|1|875|2023-12-22|3|3000
1|3|876|2023-04-19|1|1400
1|3|876|2023-12-27|1|1400
2|1|876|2023-06-14|3|3000
4|3|876|2023-05-28|1|1400
1|3|877|2023-04-28|3|4200
2|1|877|2023-06-27|3|3000
1|1|877|2023-05-25|2|2000
2|1|877|2023-05-24|3|3000
5|1|877|2023-01-09|2|2000
2|3|878|2023-05-07|2|2800
4|1|878|2023-01-21|3|3000
4|1|878|2023-06-28|1|1000
2|1|879|2023-04-22|2|2000
2|3|879|2023-08-07|2|2800
5|1|879|2023-09-04|2|2000
2|1|879|2023-08-19|3|3000
5|3|879|2023-11-29|3|4200
2|3|879|2023-05-09|3|4200
4|1|880|2023-05-09|1|1000
2|1|880|2023-05-04|2|2000
2|1|881|2023-07-29|2|2000
4|3|881|2023-09-18|2|2800
5|3|881|2023-01-06|1|1400
3|1|881|2023-11-14|2|2000
4|1|881|2023-02-12|1|1000
4|3|881|2023-07-23|3|4200
1|3|882|2023-06-05|3|4200
5|1|882|2023-05-06|2|2000
2|3|882|2023-07-13|3|4200
4|3|882|2023-11-06|2|2800
2|3|882|2023-03-08|3|4200
4|3|883|2023-01-25|2|2800
2|3|883|2023-09-08|1|1400
4|3|883|2023-12-09|3|4200
3|3|883|2023-09-25|3|4200
5|1|883|2023-10-19|3|3000
1|3|883|2023-11-21|1|1400
3|3|884|2023-09-09|1|1400
3|1|884|2023-11-18|2|2000
1|3|885|2023-12-17|2|2800
2|3|885|2023-04-07|2|2800
1|3|885|2023-03-29|3|4200
2|3|886|2023-09-25|1|1400
1|1|886|2023-01-12|3|3000
3|3|887|2023-02-16|1|1400
5|1|887|2023-01-23|1|1000
4|1|888|2023-09-29|3|3000
4|3|888|2023-02-02|3|4200
2|1|889|2023-03-13|1|1000
2|3|889|2023-03-05|3|4200
5|1|889|2023-10-15|2|2000
1|3|890|2023-07-03|1|1400
3|1|890|2023-01-18|1|1000
1|1|890|2023-05-21|1|1000
3|1|890|2023-08-16|1|1000
2|1|891|2023-11-10|1|1000
2|3|891|2023-01-02|3|4200
2|3|892|2023-09-05|1|1400
5|1|892|2023-07-13|2|2000
3|3|892|2023-06-16|2|2800
1|3|892|2023-08-25|3|4200
3|1|893|2023-10-24|2|2000
4|1|893|2023-12-18|1|1000
4|3|893|2023-08-10|1|1400
5|3|893|2023-02-16|3|4200
5|1|893|2023-09-09|3|3000
4|1|894|2023-07-24|2|2000
5|1|894|2023-11-20|2|2000
4|1|894|2023-12-24|3|3000
2|1|894|2023-09-03|1|1000
4|1|894|2023-01-30|1|1000
4|1|894|2023-09-28|3|3000
3|1|895|2023-04-15|2|2000
2|1|895|2023-04-14|3|3000
2|3|896|2023-11-17|2|2800
4|1|896|2023-11-17|2|2000
5|1|896|2023-01-27|3|3000
5|3|896|2023-01-24|2|2800
1|1|896|2023-01-03|1|1000
3|1|897|2023-02-19|3|3000
1|1|897|2023-03-19|1|1000
5|3|897|2023-06-20|2|2800
1|1|897|2023-03-23|3|3000
5|3|897|2023-12-10|1|1400
1|1|897|2023-04-28|1|1000
3|3|898|2023-03-18|3|4200
3|1|898|2023-03-02|1|1000
5|3|898|2023-11-22|1|1400
2|1|898|2023-12-08|3|3000
4|3|898|2023-01-30|1|1400
2|1|898|2023-02-20|1|1000
5|1|899|2023-12-04|2|2000
2|3|899|2023-04-01|1|1400
2|1|899|2023-06-02|2|2000
5|1|899|2023-04-10|3|3000
5|3|900|2023-09-22|2|2800
4|3|900|2023-11-09|2|2800
1|3|900|2023-05-08|2|2800
